id_lancamento,data,tipo,categoria,contraparte,valor
849,2025-09-28,Receita,Vendas,Ferreira - ME,6729.56
1402,2025-02-13,Receita,Vendas,Santos e Filhos,1896.08
1135,2025-12-27,Despesa,Fornecedores,Pimenta,17218.02
140,2025-06-30,Receita,Recebimento de clientes,Fonseca,5207.23
1111,2025-01-02,Receita,Vendas,Viana,10182.14
1351,2025-08-11,Despesa,Marketing,Araújo,11330.63
1123,2025-12-26,Despesa,Energia,Cirino Porto e Filhos,13963.19
827,2025-05-04,Despesa,Impostos,Cassiano,16454.28
1346,2025-07-03,Despesa,Aluguel,Cunha,11178.95
1488,2025-04-03,Despesa,Impostos,Pereira,2287.63
999,2025-09-24,Despesa,Aluguel,Almeida,17397.37
438,2025-08-29,Despesa,Salários,Mendes,2808.23
1310,2025-08-08,Despesa,Aluguel,Pacheco S/A,1251.4
148,2025-11-02,Despesa,Marketing,Garcia S/A,8091.32
90,2025-06-20,Despesa,Marketing,CIRINO ,5767.14
806,2025-11-06,Receita,Recebimento de clientes,Montenegro,14960.17
923,2025-06-25,Despesa,Impostos,Garcia,843.08
610,2025-09-04,Receita,Vendas,Cardoso,14872.55
1214,2025-09-18,Receita,Serviços,Pastor Câmara - EI,4987.38
1332,2025-04-09,Despesa,Aluguel,Brito Martins S/A,11689.82
1477,2025-12-09,Receita,,Andrade,2882.05
697,2025-04-23,Despesa,Software,Barros,7719.78
363,2025-01-17,Receita,Recebimento de clientes,NOVAES - ME ,15450.58
535,2025-02-02,Receita,Vendas,das Neves,17947.65
908,2025-12-21,Receita,Recebimento de clientes,Araújo,2281.21
1382,2025-02-12,Receita,Recebimento de clientes,Moura Ltda.,3627.43
789,2025-12-23,Despesa,Salários,da Costa,2957.41
277,2025-01-27,Receita,Serviços,Borges Ltda.,13091.45
935,2025-03-08,Despesa,Aluguel,da Costa S.A.,19938.65
963,2025-08-28,Receita,Recebimento de clientes,Barbosa S.A.,12296.11
317,2025-08-19,Receita,Recebimento de clientes,Sampaio,5734.11
723,2025-10-02,Receita,Recebimento de clientes,Monteiro Moreira - ME,13010.81
886,2025-06-01,Receita,Recebimento de clientes,MACHADO SÁ LTDA. ,1202.69
1492,2025-03-13,Despesa,Marketing,Azevedo das Neves e Filhos,5971.48
760,2025-07-24,Despesa,Software,Nunes,6529.8
704,2025-11-27,Despesa,Fornecedores,FERREIRA ,13259.98
705,2025-12-11,Receita,Serviços,Aparecida,10630.4
1448,2025-03-11,Despesa,Impostos,Sá Sampaio e Filhos,6988.42
42,2025-04-17,Despesa,Aluguel,Carvalho Moraes - ME,6596.7
375,2025-09-03,Receita,Vendas,Pastor,19930.63
32,2025-04-10,Despesa,Energia,Andrade Dias - ME,16746.9
1385,2025-05-20,Despesa,Energia,Fernandes Ltda.,17508.94
1266,2025-12-28,Despesa,Energia,Cardoso,5931.58
1498,2025-05-22,Despesa,Aluguel,da Mota Freitas - ME,4148.91
637,2025-07-17,Despesa,Fornecedores,Silva - EI,6169.49
294,2025-04-16,Receita,Vendas,Porto Sá - ME,18504.31
1127,2025-01-17,Despesa,Software,Abreu,4554.73
732,2025-11-10,Receita,Serviços,Santos,12773.0
890,2025-10-28,Despesa,Software,Araújo Rios S/A,4535.42
519,2025-09-05,Receita,Recebimento de clientes,Oliveira - EI,15892.63
550,2025-08-22,Receita,Recebimento de clientes,DUARTE ,13808.03
1190,2025-11-25,Despesa,Fornecedores,Duarte,3879.04
1384,2025-07-25,Despesa,Energia,Pastor,9633.38
645,2025-12-17,Despesa,Marketing,Barros,7282.88
944,2025-12-20,Receita,Recebimento de clientes,Casa Grande,17112.36
377,2025-07-04,Despesa,Salários,Nascimento,10447.6
428,2025-11-19,Despesa,Energia,Pereira Fogaça S.A.,19719.19
392,2025-07-10,Receita,Serviços,Melo Ltda.,10650.12
359,2025-03-10,Despesa,Fornecedores,da Paz Macedo e Filhos,18319.23
830,2025-02-24,Receita,Serviços,Sousa,1645.31
154,2025-10-17,Despesa,Aluguel,Ramos,10677.35
434,2025-05-03,Despesa,Aluguel,Cavalcanti,9763.66
514,2025-02-21,Receita,Recebimento de clientes,Rios,16366.42
234,2025-01-02,Despesa,Salários,da Cunha,4799.38
816,2025-01-27,Despesa,Salários,Freitas Ltda.,13262.59
179,2025-03-20,Despesa,Marketing,Martins,2906.2
745,2025-03-30,Despesa,Software,Oliveira,5537.05
1076,2025-01-09,Receita,Serviços,DA ROSA DUARTE - EI ,8133.06
1479,2025-11-14,Despesa,Marketing,Aragão Souza - ME,3980.54
59,2025-05-23,Receita,Recebimento de clientes,Peixoto Ltda.,18723.32
414,2025-02-04,Despesa,Fornecedores,Barbosa Macedo Ltda.,8017.74
1454,2025-09-15,Despesa,Software,Oliveira,9264.66
896,2025-12-06,Despesa,Marketing,Câmara Carvalho - ME,19896.85
560,2025-06-20,Despesa,Fornecedores,Oliveira,12604.8
88,2025-03-06,Despesa,Impostos,Correia Correia - EI,942.85
976,2025-09-10,Despesa,Marketing,Costela,6831.65
805,2025-01-09,Receita,Vendas,Costa Pereira - EI,5119.98
1204,2025-02-17,Despesa,Fornecedores,Costa,19615.71
1185,2025-01-21,Receita,Serviços,Garcia,12675.91
1001,2025-04-26,Receita,Recebimento de clientes,Albuquerque,4053.96
407,2025-05-10,Receita,Vendas,da Cruz Moura - ME,18167.76
835,2025-02-21,Despesa,Fornecedores,Marques Nascimento Ltda.,13489.51
918,2025-11-07,Receita,Vendas,Melo S/A,6905.84
463,2025-11-13,Despesa,Salários,Pimenta,9069.68
493,2025-05-16,Despesa,Aluguel,Lima,9604.25
224,2025-10-11,Despesa,Salários,MARTINS CARDOSO - EI ,4060.05
528,2025-02-02,Despesa,Impostos,Ferreira,17156.22
1149,2025-11-11,Despesa,Salários,Dias Machado - EI,17792.44
73,2025-03-29,Despesa,Marketing,Pastor Câmara S/A,10836.14
446,2025-09-17,Despesa,Marketing,Nascimento,10454.94
474,2025-11-20,Receita,Recebimento de clientes,Cardoso Viana - EI,3183.34
897,2025-07-14,Receita,Recebimento de clientes,Marques Souza - EI,18380.16
1225,2025-10-13,Receita,Vendas,Macedo Ferreira e Filhos,11706.02
281,2025-02-01,Receita,Recebimento de clientes,Lima,10290.91
1222,2025-07-09,Receita,Serviços,Garcia Vasconcelos S.A.,1555.39
758,2025-07-19,Despesa,Impostos,Pastor Pacheco S.A.,3876.16
170,2025-08-10,Despesa,Marketing,Duarte,8695.47
1148,2025-11-09,Despesa,Impostos,Carvalho,10201.53
284,2025-02-05,Receita,Recebimento de clientes,da Cunha,10990.87
189,2025-01-22,Despesa,Fornecedores,Guerra,10029.29
133,2025-10-05,Despesa,Software,Abreu Ltda.,14300.79
1088,2025-12-06,Despesa,Salários,CARVALHO ,363.46
695,2025-05-25,Despesa,Fornecedores,Freitas,2326.26
1392,2025-10-25,Despesa,Aluguel,Cardoso,11324.71
1391,2025-03-07,Despesa,Software,Garcia das Neves e Filhos,12486.39
601,2025-06-12,Despesa,Fornecedores,Jesus,3780.63
612,2025-09-07,Despesa,Fornecedores,Ramos,10905.7
187,2025-10-07,Receita,Recebimento de clientes,Leão,6952.36
788,2025-01-08,Receita,Recebimento de clientes,GONÇALVES - EI ,17333.89
35,2025-02-06,Despesa,Salários,Rezende Monteiro - ME,10567.5
448,2025-07-25,Despesa,Energia,PACHECO ,17709.51
1086,2025-08-19,Despesa,Software,Macedo da Rocha e Filhos,16556.98
987,2025-04-24,Receita,Vendas,Marques,13683.72
691,2025-05-27,Receita,Recebimento de clientes,Souza,961.27
1270,2025-07-04,Despesa,Energia,Moura,8833.28
451,2025-06-23,Receita,Vendas,Melo Alves - EI,4220.25
1131,2025-01-04,Despesa,Aluguel,Camargo,3122.22
261,2025-06-08,Receita,Recebimento de clientes,Martins,5386.15
522,2025-05-02,Receita,Serviços,Camargo,9648.47
635,2025-12-17,Receita,Recebimento de clientes,Ramos - ME,16864.09
739,2025-09-01,Receita,Recebimento de clientes,NOVAES ,5874.48
1354,2025-05-31,Receita,Recebimento de clientes,Pires Nogueira S/A,12345.9
1469,2025-11-21,Despesa,Software,Nunes Pastor - EI,5963.01
386,2025-04-01,Despesa,Impostos,Gomes,554.31
964,2025-05-19,Receita,Vendas,Mendes Costela Ltda.,18038.45
961,2025-12-12,Despesa,Salários,Nascimento e Filhos,15902.52
510,2025-05-08,Receita,Vendas,Barros S/A,5688.34
103,2025-01-06,Receita,Vendas,Souza Ltda.,7429.85
989,2025-06-01,Receita,Recebimento de clientes,Carvalho Silveira - EI,2754.42
1257,2025-04-30,Despesa,Software,Siqueira,15514.38
543,2025-02-01,Despesa,Aluguel,FERREIRA - ME ,1637.2
223,2025-10-11,Despesa,Energia,Silveira,10509.46
1208,2025-12-08,Despesa,Salários,Freitas e Filhos,4973.27
436,2025-08-10,Receita,Serviços,Moura,16165.66
114,2025-12-06,Despesa,Energia,Marques,6972.65
66,2025-07-20,Despesa,Salários,da Luz Moura - EI,7896.63
163,2025-02-28,Receita,Vendas,da Cunha Aparecida e Filhos,17328.82
1220,2025-03-01,Receita,Serviços,CALDEIRA LTDA. ,12481.48
731,2025-09-21,Receita,Vendas,Rios,9265.04
231,2025-11-03,Receita,Recebimento de clientes,Duarte,1883.7
650,2025-09-27,Receita,Serviços,Sampaio,15599.31
14,2025-09-26,Despesa,Energia,Garcia S/A,5086.5
327,2025-02-28,Despesa,Fornecedores,da Mata,13036.8
255,2025-03-28,Receita,Vendas,Albuquerque,10837.11
994,2025-04-15,Receita,Vendas,Azevedo Santos S.A.,5825.61
677,2025-05-14,Despesa,Marketing,Ramos,3856.91
27,2025-02-11,Despesa,Impostos,RIOS DA MATA E FILHOS ,14133.5
1114,2025-12-23,Despesa,Impostos,Silveira,15537.55
577,2025-08-24,Despesa,Fornecedores,Pereira Cassiano e Filhos,1317.2
89,2025-03-26,Receita,Serviços,Carvalho,15931.29
1290,2025-04-23,Despesa,Fornecedores,da Paz,15295.36
863,2025-04-01,Despesa,Salários,Ramos,13552.14
432,2025-10-09,Despesa,Marketing,Pacheco Ltda.,2678.61
1192,2025-05-06,Receita,Serviços,Siqueira - ME,1209.02
159,2025-09-01,Despesa,Marketing,Peixoto - ME,11008.27
259,2025-07-25,Receita,Serviços,Lopes Cavalcanti e Filhos,3357.34
134,2025-01-30,Receita,Vendas,Porto da Luz S.A.,9352.97
1226,2025-03-06,Despesa,Energia,Pires Souza S.A.,8327.7
1009,2025-03-11,Despesa,Software,Vieira,1444.53
675,2025-08-24,Despesa,Impostos,Carvalho,11905.31
145,2025-10-06,Despesa,Fornecedores,Alves,18503.69
1144,2025-06-13,Despesa,Fornecedores,Moraes Gomes - ME,5484.0
310,2025-12-11,Receita,Recebimento de clientes,Teixeira S.A.,16031.55
527,2025-02-18,Despesa,Fornecedores,da Mata Sampaio Ltda.,8184.26
1134,2025-07-03,Despesa,Software,Peixoto,6904.97
992,2025-10-03,Despesa,Marketing,RIOS S/A ,4628.91
903,2025-07-05,Receita,Recebimento de clientes,Araújo - EI,2655.89
870,2025-09-17,Receita,Vendas,Farias Ltda.,10316.9
1490,2025-05-21,Despesa,Fornecedores,Jesus Sousa - ME,11361.84
6,2025-05-16,Despesa,Salários,da Conceição Montenegro - EI,6974.75
1181,2025-08-27,Despesa,Impostos,Sampaio Cardoso S.A.,15190.67
729,2025-05-05,Despesa,Fornecedores,Cavalcanti,16595.66
316,2025-11-06,Receita,Vendas,da Conceição Ltda.,15814.47
1405,2025-04-06,Receita,Vendas,Sales Azevedo Ltda.,1395.85
1007,2025-04-02,Despesa,Energia,da Costa Correia - EI,8390.14
1117,2025-01-07,Receita,Recebimento de clientes,ALMEIDA LTDA. ,5973.5
558,2025-05-07,Despesa,Aluguel,Barbosa,6983.52
1124,2025-04-08,Receita,Recebimento de clientes,Gonçalves,11751.75
616,2025-06-13,Despesa,Fornecedores,Almeida,2494.9
1364,2025-12-20,Receita,Vendas,Castro Brito S.A.,18730.54
1353,2025-07-21,Receita,Vendas,Leão Costa e Filhos,602.58
376,2025-07-04,Receita,Serviços,CASSIANO ,3178.43
1141,2025-09-23,Receita,Recebimento de clientes,CAMPOS ,4616.72
274,2025-05-28,Despesa,Marketing,Mendonça,18062.04
783,2025-02-08,Despesa,Aluguel,Duarte Oliveira e Filhos,13131.37
536,2025-01-28,Receita,Vendas,Vasconcelos,3252.04
576,2025-09-08,Despesa,Aluguel,Costa,11086.64
343,2025-02-06,Despesa,Energia,Rios,16743.03
1263,2025-04-17,Receita,Vendas,Sampaio Albuquerque S.A.,4206.66
378,2025-08-01,Receita,Serviços,Ferreira,9663.58
111,2025-07-16,Despesa,Software,da Luz,9478.81
1137,2025-12-22,Despesa,Impostos,FERREIRA LTDA. ,2314.73
838,2025-08-07,Despesa,Fornecedores,Correia,18267.83
254,2025-05-16,Receita,Recebimento de clientes,Azevedo,4933.4
127,2025-10-31,Receita,Vendas,da Mata da Paz - EI,188.3
946,2025-09-25,Receita,Serviços,Novais - EI,13421.42
668,2025-03-08,Despesa,Salários,Moura - EI,427.36
164,2025-04-25,Receita,Serviços,Abreu,7819.52
266,2025-08-23,Receita,Vendas,Fernandes,11033.04
766,2025-05-30,Receita,Recebimento de clientes,Ramos,6111.35
1482,2025-04-19,Receita,Recebimento de clientes,da Mota,18321.45
684,2025-07-28,Despesa,Marketing,Dias Ltda.,7534.27
1093,2025-05-14,Receita,Serviços,Pacheco,5607.39
137,2025-07-31,Despesa,Salários,Camargo S/A,19739.81
922,2025-08-13,Despesa,Impostos,Machado,6233.64
48,2025-10-05,Receita,Recebimento de clientes,Novaes,15600.46
975,2025-02-04,Receita,Vendas,Silveira - ME,1542.68
287,2025-02-17,Receita,Serviços,Correia Cunha e Filhos,6369.51
71,2025-06-04,Receita,Recebimento de clientes,Câmara Azevedo Ltda.,15405.06
1164,2025-03-15,Receita,Serviços,Teixeira e Filhos,18832.3
638,2025-07-02,Despesa,Fornecedores,da Paz S/A,3211.74
858,2025-01-07,Despesa,Software,BRITO ,4473.3
768,2025-10-01,Receita,Serviços,RODRIGUES GUERRA LTDA. ,6076.06
1012,2025-11-20,Despesa,Impostos,Nunes,10149.56
660,2025-06-30,Receita,Recebimento de clientes,Azevedo,3394.07
1345,2025-05-17,Despesa,Marketing,Cavalcanti,19897.24
800,2025-01-21,Despesa,,PINTO ,5782.6
76,2025-10-01,Receita,Recebimento de clientes,Farias S/A,10967.91
497,2025-02-07,Receita,Recebimento de clientes,Azevedo Cardoso Ltda.,17111.62
1438,2025-12-12,Despesa,Software,Melo,10679.93
1250,2025-05-19,Despesa,Energia,Pires,12362.32
1456,2025-01-25,Receita,Recebimento de clientes,Silva,541.42
93,2025-09-20,Receita,Vendas,ARAGÃO E FILHOS ,13104.67
1138,2025-04-05,Receita,Serviços,Pinto,13946.51
1308,2025-10-19,Despesa,Salários,Sampaio,11060.23
72,2025-06-25,Receita,Vendas,Pastor - EI,12610.88
1109,2025-07-07,Despesa,Salários,Camargo e Filhos,611.72
318,2025-05-26,Despesa,Software,Barbosa,13950.01
1273,2025-12-07,Receita,Serviços,Araújo,17600.4
509,2025-01-22,Despesa,Energia,Rodrigues Melo S/A,19130.32
931,2025-09-16,Receita,Recebimento de clientes,Marques Ferreira S.A.,18890.69
919,2025-01-23,Receita,Serviços,JESUS ,17516.71
1330,2025-11-17,Receita,Serviços,Cavalcanti,14388.62
1341,2025-01-19,Receita,Recebimento de clientes,Martins S/A,8332.78
1369,2025-12-05,Receita,Recebimento de clientes,SOUSA ,1217.43
1059,2025-03-16,Despesa,Software,Vasconcelos,8809.49
1335,2025-12-01,Despesa,Aluguel,Rodrigues,18671.54
205,2025-04-20,Receita,Recebimento de clientes,da Mota Macedo S/A,1518.44
597,2025-05-04,Despesa,Software,Montenegro e Filhos,15355.76
1171,2025-05-17,Receita,Serviços,SANTOS ,7884.97
412,2025-12-27,Despesa,Aluguel,da Cunha,5712.57
502,2025-08-22,Despesa,Software,Lopes Machado S.A.,3124.18
1313,2025-05-08,Despesa,Impostos,da Costa da Rocha Ltda.,6145.72
1434,2025-02-11,Receita,Vendas,Alves S.A.,13526.74
708,2025-10-03,Despesa,Aluguel,Barbosa e Filhos,11743.66
290,2025-03-09,Receita,Serviços,da Rocha da Conceição Ltda.,16457.87
585,2025-10-02,Despesa,Marketing,Vieira,16828.98
1276,2025-10-10,Receita,Recebimento de clientes,Oliveira e Filhos,12242.59
41,2025-05-25,Receita,Serviços,FONSECA ,4547.94
11,2025-05-15,Receita,Vendas,Sampaio Lima Ltda.,19765.3
12,2025-07-04,Despesa,Marketing,Cassiano,6639.35
64,2025-02-16,Despesa,Fornecedores,Azevedo,1372.66
1000,2025-07-09,Receita,Vendas,Nascimento - EI,2349.47
337,2025-07-10,Receita,Vendas,MOREIRA ,10854.63
1333,2025-11-11,Despesa,Aluguel,Campos Albuquerque S/A,8421.52
811,2025-03-25,Receita,Recebimento de clientes,GONÇALVES PIMENTA E FILHOS ,19804.39
1041,2025-04-30,Receita,Vendas,Fogaça Novaes - ME,9897.97
1037,2025-09-08,Receita,Vendas,Vasconcelos,6480.14
664,2025-12-18,Receita,Recebimento de clientes,Abreu,3140.46
326,2025-10-13,Despesa,Fornecedores,Sampaio,8220.97
1316,2025-04-11,Despesa,Aluguel,da Mata,10332.15
548,2025-11-18,Receita,Serviços,Costela Ltda.,11847.36
468,2025-04-05,Despesa,Fornecedores,Nogueira,1562.7
545,2025-01-14,Receita,Recebimento de clientes,Moura,16220.15
358,2025-11-16,Despesa,Fornecedores,Costela Ltda.,14598.29
402,2025-12-02,Despesa,Marketing,Macedo S.A.,10825.93
249,2025-02-21,Receita,Recebimento de clientes,Barbosa Pastor e Filhos,6892.3
599,2025-04-14,Despesa,Fornecedores,Macedo,10463.78
817,2025-06-14,Despesa,Software,Leão - EI,15137.27
304,2025-04-11,Despesa,Energia,Campos Novais - ME,9054.67
1461,2025-02-07,Despesa,Impostos,Costa,9106.09
991,2025-10-03,Despesa,Energia,Moura S/A,4307.24
1129,2025-07-19,Despesa,Aluguel,Oliveira S/A,7841.89
778,2025-11-07,Receita,Recebimento de clientes,Campos,13675.58
68,2025-09-15,Receita,Recebimento de clientes,Silva das Neves - ME,5704.54
787,2025-03-06,Despesa,Energia,Almeida,13374.41
1036,2025-01-12,Despesa,Salários,Fernandes - EI,17380.14
661,2025-07-23,Receita,Serviços,Monteiro - EI,7519.92
1235,2025-04-05,Receita,Serviços,Vasconcelos,6247.94
860,2025-06-10,Despesa,Marketing,REZENDE ,19469.13
945,2025-02-17,Receita,Vendas,Jesus da Rosa Ltda.,8089.03
210,2025-03-27,Despesa,Energia,Gomes Sales S.A.,8009.95
1473,2025-06-28,Receita,Serviços,Gomes,2110.48
1172,2025-04-07,Despesa,Marketing,Cavalcante,3344.81
69,2025-02-24,Receita,Vendas,Macedo,13763.73
1389,2025-05-03,Despesa,Salários,Cavalcanti,4663.71
77,2025-02-09,Receita,Vendas,da Mota Rios - ME,5524.21
334,2025-11-06,Despesa,Fornecedores,Teixeira e Filhos,6296.59
1201,2025-09-05,Despesa,Energia,Almeida,4672.05
1452,2025-04-03,Despesa,Marketing,Novaes Araújo - ME,3567.33
1320,2025-01-16,Despesa,Fornecedores,Campos,10138.07
740,2025-10-31,Receita,Recebimento de clientes,Martins,10742.36
1126,2025-07-03,Despesa,Software,Machado Pastor - ME,11155.23
727,2025-02-09,Receita,Vendas,Costa,10795.95
1194,2025-01-15,Despesa,Software,Cunha,19678.84
1361,2025-01-03,Despesa,Fornecedores,Alves Vasconcelos Ltda.,3559.3
632,2025-07-19,Despesa,Fornecedores,Montenegro,6504.08
966,2025-11-07,Despesa,Marketing,Correia Sousa S/A,3996.78
1453,2025-06-24,Despesa,Marketing,Nascimento,3529.07
1092,2025-01-16,Despesa,Impostos,Machado - EI,8585.89
99,2025-03-08,Receita,Recebimento de clientes,da Paz,4839.91
1500,2025-05-07,Despesa,Salários,Rodrigues S/A,16464.13
457,2025-10-01,Despesa,Aluguel,Aparecida Andrade Ltda.,3922.71
1213,2025-06-01,Despesa,Impostos,Barbosa,9804.21
56,2025-06-24,Despesa,Software,MONTENEGRO CALDEIRA E FILHOS ,3275.34
503,2025-04-24,Despesa,Impostos,Fernandes,3857.08
1359,2025-09-02,Despesa,Software,Cirino,10273.28
228,2025-05-19,Despesa,Energia,Cirino,2917.04
176,2025-07-23,Receita,Serviços,NOVAES ,11267.14
30,2025-11-23,Despesa,Salários,Martins Garcia Ltda.,19242.39
538,2025-02-18,Receita,Serviços,Sá Pinto S/A,4445.33
1153,2025-11-29,Receita,Vendas,Jesus,3720.75
487,2025-05-05,Despesa,Marketing,Machado,7778.49
139,2025-06-21,Despesa,Fornecedores,Lopes Cardoso S/A,18589.26
1443,2025-09-07,Receita,Vendas,Cirino,2579.82
1274,2025-04-25,Despesa,Marketing,Nunes,12645.9
1232,2025-12-05,Despesa,Energia,Dias,4595.1
567,2025-06-04,Despesa,Fornecedores,Caldeira,18704.93
893,2025-06-09,Receita,Recebimento de clientes,Sales,9554.29
1031,2025-07-17,Despesa,Software,Gomes,6276.01
837,2025-03-13,Despesa,Marketing,Pimenta,10189.3
192,2025-09-06,Receita,Vendas,Câmara,3835.31
609,2025-08-14,Despesa,Fornecedores,Ferreira das Neves e Filhos,9800.24
405,2025-05-24,Despesa,Marketing,Fogaça,11680.3
1006,2025-12-14,Receita,Recebimento de clientes,Brito - EI,10966.1
1381,2025-12-10,Receita,Vendas,Pastor Santos S.A.,6097.99
861,2025-07-18,Despesa,Marketing,Mendes,17303.15
443,2025-06-16,Despesa,Impostos,Novais,11114.32
869,2025-03-22,Receita,Serviços,DA ROSA - EI ,9014.94
16,2025-06-17,Receita,Recebimento de clientes,APARECIDA ,15832.09
430,2025-04-20,Despesa,Salários,Pires Brito e Filhos,17991.52
1314,2025-02-05,Receita,Recebimento de clientes,Gonçalves,3026.55
748,2025-12-26,Receita,Recebimento de clientes,Cardoso,9954.11
1433,2025-11-24,Receita,Serviços,Costa,213.67
1188,2025-03-20,Despesa,Fornecedores,Sales,14528.55
1462,2025-05-04,Despesa,Software,Peixoto da Luz Ltda.,5015.24
158,2025-12-30,Despesa,Energia,Andrade,17642.48
1423,2025-10-06,Despesa,Salários,Pereira Lopes S.A.,16768.62
1163,2025-07-25,Despesa,Energia,Nogueira,7839.75
121,2025-08-16,Despesa,Salários,Nogueira,7506.97
864,2025-08-11,Despesa,Impostos,Vargas S/A,9420.31
910,2025-11-27,Receita,Recebimento de clientes,Marques,3240.15
1022,2025-01-18,Despesa,Software,Cunha Sales - EI,8037.08
1458,2025-01-15,Receita,Recebimento de clientes,Campos Sá - ME,18608.21
406,2025-05-09,Despesa,Software,Lopes,275.54
226,2025-10-09,Despesa,Energia,Barros e Filhos,4165.83
323,2025-10-15,Receita,Recebimento de clientes,PEIXOTO ,8480.22
1033,2025-04-09,Despesa,Software,Montenegro e Filhos,18338.6
354,2025-09-23,Despesa,Software,Correia - EI,6220.87
1299,2025-01-14,Despesa,Impostos,Abreu Jesus S/A,3308.49
780,2025-06-12,Despesa,,Casa Grande Brito S/A,11082.56
367,2025-08-15,Despesa,Marketing,LEÃO ,11851.7
395,2025-05-03,Receita,Serviços,Farias e Filhos,9567.16
173,2025-06-07,Receita,Vendas,Correia Leão e Filhos,7018.12
894,2025-03-15,Receita,Recebimento de clientes,Porto Ltda.,923.33
1421,2025-09-21,Despesa,Marketing,SANTOS ,14371.2
621,2025-12-30,Despesa,Fornecedores,Ribeiro Ltda.,5787.52
666,2025-06-14,Despesa,Fornecedores,Cirino,15538.38
248,2025-02-02,Receita,Vendas,Gonçalves,9145.86
820,2025-11-22,Receita,Vendas,Rezende,11581.16
469,2025-07-11,Receita,Vendas,Araújo,19521.51
631,2025-06-19,Despesa,Impostos,Vasconcelos,10511.65
1403,2025-05-26,Despesa,Fornecedores,Machado,9557.59
227,2025-07-31,Receita,Vendas,Carvalho,1237.27
156,2025-11-06,Despesa,Energia,Alves,13419.61
232,2025-03-19,Receita,Recebimento de clientes,Teixeira,8904.22
381,2025-10-31,Despesa,Aluguel,Correia,14663.12
605,2025-12-04,Despesa,Impostos,Brito,17865.76
426,2025-12-24,Despesa,Marketing,Pereira e Filhos,11177.84
1237,2025-12-11,Receita,Vendas,Moreira Pereira - EI,12717.15
720,2025-04-06,Despesa,,Rezende,4824.18
1278,2025-10-07,Receita,Vendas,Aparecida S/A,6543.8
1002,2025-11-04,Despesa,Aluguel,Moura e Filhos,10666.54
410,2025-06-22,Despesa,Software,Monteiro Pacheco S.A.,4266.35
289,2025-03-05,Despesa,Salários,Brito,7670.02
578,2025-11-09,Despesa,Fornecedores,Cavalcanti e Filhos,14867.72
906,2025-10-06,Despesa,Fornecedores,Rodrigues S.A.,17421.39
1300,2025-02-04,Receita,,Nogueira Ferreira e Filhos,19607.86
20,2025-09-29,Despesa,Marketing,Oliveira,12668.33
977,2025-08-24,Despesa,Marketing,Dias,16114.9
333,2025-04-01,Despesa,Salários,da Conceição e Filhos,14626.03
1125,2025-10-15,Receita,Vendas,Sousa - EI,10458.38
45,2025-03-11,Despesa,Energia,Vieira Rodrigues - ME,11312.24
728,2025-07-12,Receita,Recebimento de clientes,Carvalho S/A,4871.03
1279,2025-09-25,Despesa,Impostos,Aparecida Melo Ltda.,11901.26
676,2025-06-07,Receita,Vendas,Fogaça - EI,7678.43
355,2025-12-22,Despesa,Marketing,Pinto,18162.19
724,2025-12-29,Despesa,Aluguel,da Luz Ltda.,953.9
981,2025-06-14,Despesa,Aluguel,da Rocha,6431.73
751,2025-08-01,Receita,Vendas,da Rosa Cavalcante S.A.,524.2
373,2025-04-23,Receita,Vendas,Abreu,17757.72
439,2025-12-08,Despesa,Fornecedores,Souza,1531.78
856,2025-09-17,Despesa,Software,Porto da Conceição S/A,6538.31
1180,2025-06-20,Receita,Vendas,da Mota e Filhos,5840.84
240,2025-01-15,Receita,Serviços,da Costa Cardoso - ME,19925.86
718,2025-04-02,Receita,Serviços,Oliveira S.A.,13221.77
831,2025-11-24,Despesa,Energia,Santos S.A.,13606.39
34,2025-02-10,Receita,Recebimento de clientes,Nunes Silva Ltda.,4639.85
795,2025-11-22,Receita,Recebimento de clientes,Fonseca,7207.05
1387,2025-04-05,Despesa,Marketing,Siqueira Lopes e Filhos,1249.53
293,2025-03-28,Despesa,Fornecedores,Sampaio,2835.35
125,2025-06-10,Receita,Serviços,Carvalho Ltda.,19980.94
291,2025-05-28,Despesa,Aluguel,da Rosa Albuquerque e Filhos,8931.43
346,2025-10-05,Despesa,Energia,da Paz,6565.66
1078,2025-08-08,Despesa,Salários,Dias,8367.65
1322,2025-06-13,Despesa,Salários,Machado das Neves - ME,6971.37
525,2025-04-17,Receita,Recebimento de clientes,Pereira e Filhos,4350.31
498,2025-06-23,Despesa,Software,Garcia,562.62
165,2025-02-16,Despesa,Salários,Fonseca Lopes S/A,8008.87
1374,2025-10-26,Despesa,Aluguel,Cavalcanti,11152.82
618,2025-05-30,Receita,Serviços,Cunha Fernandes - ME,11837.1
892,2025-12-04,Despesa,Aluguel,Guerra Rodrigues - EI,168.38
759,2025-01-30,Receita,Recebimento de clientes,Ribeiro Pinto e Filhos,15162.7
860,2025-06-10,Despesa,Marketing,REZENDE ,19469.13
21,2025-05-08,Despesa,Salários,Santos Azevedo S/A,18806.46
685,2025-12-23,Despesa,Aluguel,Nogueira,11580.3
742,2025-04-21,Receita,Recebimento de clientes,Gonçalves,17031.06
1327,2025-11-07,Receita,Vendas,Borges Silva S.A.,9836.33
409,2025-08-29,Receita,Recebimento de clientes,Pinto,9100.86
357,2025-01-21,Despesa,Energia,Teixeira,14283.22
920,2025-08-13,Despesa,Marketing,Vargas Carvalho e Filhos,5582.95
50,2025-09-16,Receita,Recebimento de clientes,Rodrigues - EI,5578.79
551,2025-06-10,Despesa,Impostos,Abreu - ME,9514.95
1140,2025-07-04,Despesa,Aluguel,Rocha S.A.,19994.34
619,2025-06-08,Receita,Recebimento de clientes,Câmara Carvalho S.A.,3060.47
956,2025-12-11,Despesa,Software,Araújo,6044.23
1056,2025-05-18,Despesa,Salários,PEIXOTO - EI ,14634.19
1011,2025-05-09,Despesa,Fornecedores,Guerra,10107.99
1386,2025-09-21,Receita,,Carvalho,10075.72
67,2025-10-30,Despesa,Aluguel,Cunha,8642.1
151,2025-09-18,Despesa,Fornecedores,Câmara Alves e Filhos,2995.5
1262,2025-03-15,Receita,Vendas,Campos Albuquerque e Filhos,10705.81
662,2025-06-20,Despesa,Software,Pires - EI,1187.8
488,2025-12-16,Receita,,Moraes,17382.87
571,2025-10-19,Receita,Recebimento de clientes,Vasconcelos,16511.14
1120,2025-01-19,Despesa,Impostos,FARIAS NOVAIS - ME ,12761.38
1435,2025-08-02,Receita,Recebimento de clientes,Porto da Rocha S/A,1227.68
1097,2025-07-15,Receita,Serviços,Caldeira S.A.,2887.31
815,2025-05-20,Receita,Serviços,MELO ,3333.88
331,2025-08-13,Despesa,Fornecedores,Pereira,7484.0
825,2025-08-05,Despesa,Impostos,Correia S/A,16996.07
1497,2025-05-01,Despesa,Marketing,Santos,10261.39
36,2025-12-15,Receita,Serviços,Casa Grande,18567.99
1275,2025-01-13,Receita,Serviços,Freitas Castro Ltda.,12754.91
1496,2025-08-17,Despesa,Software,Aragão,13113.31
713,2025-10-22,Despesa,Impostos,Fonseca,6644.34
342,2025-04-22,Despesa,,Farias,15331.54
813,2025-09-04,Despesa,Aluguel,Montenegro,5593.64
651,2025-02-13,Receita,Vendas,Teixeira Santos - ME,15990.46
1450,2025-11-24,Receita,Serviços,Nogueira,10926.05
950,2025-03-05,Receita,Vendas,Viana,15548.16
1390,2025-08-07,Receita,Vendas,Câmara,16879.01
1326,2025-05-24,Despesa,Software,Cunha Ltda.,4582.95
694,2025-04-30,Receita,Vendas,Sales,18252.95
1196,2025-06-30,Receita,Vendas,da Mata,16043.34
239,2025-11-19,Receita,Serviços,Costa Almeida - EI,19810.28
1090,2025-12-25,Despesa,,RIBEIRO ,3246.77
1467,2025-10-19,Receita,Recebimento de clientes,Camargo,7596.01
17,2025-07-14,Despesa,Aluguel,Nascimento,10324.18
238,2025-12-29,Despesa,Salários,Sá S/A,9415.05
1365,2025-07-31,Despesa,Software,DA MATA NASCIMENTO E FILHOS ,2466.57
938,2025-06-22,Receita,Vendas,da Cruz e Filhos,9143.68
852,2025-01-17,Receita,Serviços,Nascimento da Mata - EI,18471.84
39,2025-04-14,Receita,Recebimento de clientes,Souza,7077.73
105,2025-09-13,Despesa,Marketing,Montenegro,12136.71
967,2025-10-14,Despesa,Software,da Cruz,6993.61
229,2025-09-27,Despesa,Fornecedores,da Luz - ME,9945.66
984,2025-09-04,Despesa,Fornecedores,Monteiro Novaes e Filhos,4848.02
480,2025-10-12,Receita,Serviços,NOGUEIRA DA CUNHA S.A. ,5227.25
990,2025-06-23,Despesa,Fornecedores,Cirino,12821.05
589,2025-08-26,Receita,Vendas,Andrade,10298.71
437,2025-04-18,Receita,Recebimento de clientes,Cavalcante,2217.07
659,2025-05-03,Despesa,Energia,da Costa - ME,17519.21
271,2025-03-02,Receita,Vendas,Novais,4550.69
421,2025-07-08,Despesa,Energia,Oliveira,19245.99
997,2025-01-10,Despesa,Aluguel,PINTO E FILHOS ,8947.08
656,2025-06-25,Receita,Recebimento de clientes,Camargo,11971.56
689,2025-12-19,Despesa,Energia,da Mata,6033.29
733,2025-05-27,Receita,Vendas,Novaes - EI,15839.7
1427,2025-04-04,Receita,Recebimento de clientes,da Rosa,3963.47
709,2025-06-29,Receita,Serviços,Fonseca,1042.09
575,2025-12-14,Despesa,Fornecedores,da Costa Caldeira S.A.,4150.8
1342,2025-06-02,Despesa,Aluguel,Oliveira Lopes e Filhos,15213.46
496,2025-07-14,Despesa,Marketing,Duarte - EI,5377.35
1049,2025-05-03,Despesa,Marketing,Abreu Ltda.,16876.59
667,2025-08-03,Despesa,Fornecedores,Moura Ltda.,10764.13
128,2025-11-28,Receita,Vendas,Silva Fernandes S.A.,19065.64
1110,2025-04-29,Receita,Vendas,Ferreira das Neves Ltda.,5682.4
3,2025-12-06,Despesa,Energia,Carvalho Sousa S/A,9097.14
490,2025-09-17,Despesa,Fornecedores,Pimenta Aparecida e Filhos,13157.84
280,2025-09-24,Despesa,Aluguel,MELO ,18117.95
1128,2025-02-03,Despesa,Salários,Costela da Mota e Filhos,13656.56
572,2025-11-04,Despesa,Energia,Barbosa Moraes e Filhos,11084.01
207,2025-12-31,Receita,Serviços,Farias,19783.2
1451,2025-11-10,Despesa,Marketing,Sá,5257.5
678,2025-10-08,Despesa,Aluguel,Vasconcelos Rodrigues - ME,2891.38
1286,2025-10-07,Despesa,Marketing,OLIVEIRA LTDA. ,4083.7
1159,2025-03-14,Receita,Serviços,Nunes,13697.41
613,2025-08-11,Despesa,Software,Cardoso,13240.43
517,2025-03-03,Receita,Vendas,da Paz - EI,8544.89
425,2025-08-11,Despesa,Software,Nunes e Filhos,15812.71
257,2025-03-05,Despesa,Energia,Lopes Ltda.,9981.72
579,2025-11-18,Despesa,Fornecedores,Martins,16825.13
262,2025-06-24,Despesa,Aluguel,Siqueira,3571.49
673,2025-08-03,Despesa,Aluguel,da Costa,12329.84
679,2025-07-16,Receita,Vendas,Pires,4851.68
320,2025-01-13,Despesa,Aluguel,Lima Camargo - EI,3743.05
1008,2025-08-26,Receita,Vendas,Fogaça,19790.38
657,2025-07-07,Despesa,Software,da Costa,18396.56
162,2025-11-21,Despesa,Salários,Gomes - EI,9569.42
1231,2025-01-27,Receita,Recebimento de clientes,Ferreira,18226.68
400,2025-09-21,Receita,Serviços,Souza Borges - ME,8401.21
513,2025-02-16,Receita,Serviços,Pastor - EI,5770.23
484,2025-03-26,Receita,Serviços,da Luz Aragão S.A.,15493.99
646,2025-07-12,Despesa,Energia,CÂMARA ,8866.09
653,2025-05-30,Despesa,Software,Barros S/A,535.54
1080,2025-10-06,Receita,Serviços,Oliveira,18193.11
477,2025-07-19,Receita,Serviços,Vasconcelos,12123.61
1430,2025-12-03,Receita,Vendas,FONSECA S/A ,10637.04
456,2025-11-12,Receita,Vendas,Camargo,15058.96
22,2025-02-17,Receita,Recebimento de clientes,Vargas da Rocha S/A,19231.02
1303,2025-02-18,Despesa,Software,Caldeira,11237.5
1375,2025-04-21,Despesa,Aluguel,Andrade,11118.08
167,2025-10-01,Despesa,Aluguel,RIBEIRO ,10446.23
116,2025-07-01,Despesa,Salários,Albuquerque - ME,6583.87
875,2025-08-15,Despesa,Impostos,RAMOS ,2319.03
854,2025-05-09,Despesa,Fornecedores,Pimenta e Filhos,13086.22
985,2025-11-10,Receita,Serviços,da Cunha,18199.63
983,2025-09-02,Despesa,Software,Nunes,6963.75
1191,2025-06-06,Receita,Serviços,Vasconcelos e Filhos,17188.1
301,2025-08-21,Despesa,Aluguel,Barbosa,18999.62
100,2025-04-10,Despesa,Salários,Sampaio,5773.62
431,2025-04-02,Despesa,Marketing,das Neves - ME,14556.14
129,2025-07-04,Receita,Recebimento de clientes,Montenegro,546.6
1216,2025-12-29,Despesa,Salários,Sampaio Ltda.,333.39
153,2025-03-13,Receita,Vendas,VARGAS LTDA. ,14141.74
252,2025-09-30,Despesa,Salários,Ferreira - EI,7238.74
1238,2025-02-09,Receita,Recebimento de clientes,Souza Gonçalves Ltda.,3914.48
998,2025-11-05,Receita,Serviços,Ribeiro,12400.0
909,2025-03-13,Receita,Serviços,CARDOSO ,11549.8
1312,2025-11-09,Despesa,Fornecedores,Lopes e Filhos,3349.67
872,2025-02-07,Receita,Recebimento de clientes,Carvalho,18781.42
369,2025-06-04,Receita,Recebimento de clientes,Marques Novaes S.A.,6461.99
136,2025-01-06,Receita,Recebimento de clientes,Novais,930.49
370,2025-02-13,Despesa,Fornecedores,Correia,9748.47
155,2025-01-26,Receita,Vendas,Rocha,7581.2
1108,2025-11-04,Receita,Serviços,da Rocha - ME,12660.17
1379,2025-03-02,Despesa,Aluguel,Cardoso Fernandes e Filhos,18346.4
306,2025-04-03,Despesa,Aluguel,Macedo,17015.7
594,2025-07-27,Despesa,Marketing,Duarte Pereira - ME,4800.77
1062,2025-01-08,Despesa,Fornecedores,Cavalcante,13667.19
420,2025-04-14,Despesa,Fornecedores,da Costa - ME,9272.01
1202,2025-09-30,Despesa,Aluguel,Castro - ME,14875.15
737,2025-05-19,Receita,Serviços,Campos Costa S.A.,15550.24
247,2025-10-08,Despesa,Marketing,das Neves - EI,2040.39
1305,2025-09-02,Despesa,Software,Araújo,16363.88
314,2025-03-24,Receita,Serviços,Machado,11784.82
1224,2025-07-14,Despesa,Aluguel,Pimenta e Filhos,17475.19
1038,2025-08-13,Receita,Recebimento de clientes,Alves,15029.49
847,2025-10-09,Receita,Serviços,Vargas,8777.02
663,2025-12-20,Receita,Vendas,Silva Casa Grande Ltda.,14888.41
1221,2025-02-10,Receita,Recebimento de clientes,da Rosa,12589.11
1058,2025-07-13,Receita,Vendas,da Rocha - ME,11954.85
1246,2025-04-12,Receita,Vendas,Teixeira Melo S/A,4587.35
1053,2025-10-07,Receita,Serviços,Novais,1064.39
142,2025-05-29,Despesa,Fornecedores,Rios Caldeira Ltda.,13316.81
1082,2025-04-14,Despesa,Software,Fonseca,6092.5
1034,2025-04-13,Despesa,Energia,Aragão,11768.4
1200,2025-03-29,Despesa,Impostos,Aparecida S/A,13868.97
1203,2025-05-06,Despesa,Salários,Abreu,4872.51
113,2025-01-22,Receita,Recebimento de clientes,da Luz Gonçalves S.A.,13566.81
1484,2025-01-23,Receita,Recebimento de clientes,DA CONCEIÇÃO S.A. ,8189.78
880,2025-01-16,Despesa,Energia,Lima,5410.67
546,2025-08-19,Receita,Serviços,Aparecida,8148.81
1158,2025-04-21,Receita,Recebimento de clientes,Nascimento da Paz S.A.,2565.55
1294,2025-02-04,Receita,Recebimento de clientes,Nunes,8049.32
833,2025-10-23,Receita,Serviços,Moura,17019.69
1021,2025-02-18,Despesa,Impostos,Moura S/A,12935.12
736,2025-03-16,Despesa,Energia,Vieira Fonseca - EI,5711.99
60,2025-04-10,Receita,Serviços,Almeida,15993.64
335,2025-01-27,Receita,Recebimento de clientes,Oliveira,10871.82
329,2025-05-24,Despesa,Fornecedores,Peixoto S/A,3251.39
1431,2025-12-03,Despesa,Software,Borges,13209.15
794,2025-08-28,Receita,Recebimento de clientes,da Luz Siqueira Ltda.,9945.41
1087,2025-04-09,Despesa,Impostos,Vieira - ME,1612.86
1317,2025-12-24,Despesa,Energia,Barbosa Costa S.A.,12527.97
726,2025-12-28,Receita,Serviços,Sales,13143.21
353,2025-02-08,Despesa,Fornecedores,Jesus,11260.5
222,2025-04-03,Despesa,Aluguel,Gomes Ltda.,3027.9
119,2025-01-09,Receita,Serviços,Azevedo,12459.24
920,2025-08-13,Despesa,Marketing,Vargas Carvalho e Filhos,5582.95
762,2025-07-04,Receita,Vendas,Ramos - EI,10387.24
625,2025-10-31,Despesa,Impostos,Fonseca,11872.17
5,2025-09-15,Receita,Vendas,Alves S/A,9372.36
171,2025-08-18,Receita,Vendas,Sampaio,4474.07
1178,2025-09-19,Receita,Serviços,Moraes,9776.46
817,2025-06-14,Despesa,Software,Leão - EI,15137.27
799,2025-01-04,Despesa,Impostos,Teixeira,14555.31
46,2025-11-19,Despesa,,Gomes - ME,13113.84
1358,2025-04-04,Despesa,Salários,Gomes,5868.43
699,2025-04-16,Despesa,Aluguel,Nogueira da Rocha Ltda.,11161.18
350,2025-10-13,Receita,Recebimento de clientes,Camargo,18118.08
1133,2025-09-24,Receita,Serviços,Moura,12112.89
253,2025-02-27,Despesa,Salários,Ribeiro,17059.58
9,2025-08-18,Receita,Vendas,PASTOR ,18567.78
738,2025-07-12,Receita,Recebimento de clientes,Vieira Monteiro S/A,2375.17
665,2025-07-07,Receita,Serviços,da Costa,5251.85
754,2025-04-09,Despesa,Fornecedores,da Cunha S.A.,9288.85
219,2025-12-26,Despesa,Fornecedores,Leão,8726.99
246,2025-10-23,Despesa,Aluguel,Caldeira,430.41
888,2025-03-06,Receita,Recebimento de clientes,da Luz e Filhos,13841.58
771,2025-06-04,Receita,Vendas,Mendes,1832.78
245,2025-09-24,Despesa,Marketing,Vasconcelos S.A.,4868.63
878,2025-03-31,Receita,Vendas,Nunes,6718.78
212,2025-04-11,Despesa,Energia,Nogueira,2725.1
1115,2025-04-17,Despesa,,Dias,13294.93
302,2025-04-08,Receita,Serviços,Cassiano S.A.,13430.39
512,2025-07-31,Despesa,Marketing,CARDOSO ,17770.47
1293,2025-06-29,Despesa,Salários,Freitas S.A.,6427.22
1367,2025-03-02,Receita,Recebimento de clientes,Fogaça,12089.13
300,2025-10-20,Despesa,Salários,Azevedo - ME,14392.76
982,2025-02-02,Despesa,Energia,Costa Farias S.A.,18335.21
225,2025-08-11,Receita,Vendas,Gonçalves - EI,1665.78
147,2025-08-23,Receita,Recebimento de clientes,da Mata Castro e Filhos,6324.62
539,2025-07-12,Receita,Recebimento de clientes,da Mata - ME,19886.43
899,2025-04-21,Receita,Recebimento de clientes,Sá,6303.55
1478,2025-05-15,Despesa,Marketing,Farias,238.31
617,2025-01-19,Despesa,Impostos,das Neves,9585.37
276,2025-12-04,Receita,Vendas,Machado,18945.81
1428,2025-06-26,Receita,Serviços,Brito Aragão - ME,235.01
791,2025-02-10,Receita,Recebimento de clientes,da Paz - ME,1116.05
313,2025-12-06,Receita,Serviços,Castro S/A,3356.78
51,2025-11-02,Receita,Vendas,Vargas,459.28
1425,2025-04-25,Receita,Recebimento de clientes,CORREIA JESUS E FILHOS ,3611.68
286,2025-06-20,Receita,Serviços,Campos,7945.6
1118,2025-02-17,Despesa,Energia,ROCHA S.A. ,4871.6
641,2025-09-21,Despesa,Aluguel,Ferreira,4140.17
719,2025-09-07,Despesa,Salários,Gonçalves,19839.12
706,2025-07-02,Despesa,Fornecedores,Pimenta,6785.33
867,2025-07-10,Despesa,Impostos,ANDRADE GONÇALVES - ME ,2850.14
1329,2025-01-18,Receita,Vendas,Rocha Ltda.,7097.48
403,2025-02-27,Despesa,Aluguel,Alves,8844.83
442,2025-01-09,Receita,Serviços,Sá Câmara e Filhos,14515.01
907,2025-09-19,Despesa,Fornecedores,Borges,17659.39
180,2025-03-03,Despesa,Software,Macedo,18212.25
954,2025-06-19,Receita,Recebimento de clientes,da Costa,7565.78
1015,2025-04-14,Receita,Serviços,Borges - ME,8852.38
937,2025-07-11,Despesa,Impostos,Machado - EI,5817.35
47,2025-09-23,Receita,Serviços,Moura,13030.9
853,2025-02-08,Despesa,Energia,Carvalho,19733.81
1105,2025-01-29,Receita,Serviços,Machado Freitas - ME,1871.9
458,2025-01-12,Despesa,,Camargo,1373.24
1422,2025-12-31,Despesa,Software,Lopes e Filhos,12569.8
418,2025-11-16,Despesa,Fornecedores,Costa,8172.47
834,2025-08-29,Despesa,Energia,Dias,19628.06
441,2025-12-13,Despesa,Marketing,Barbosa,1753.32
216,2025-04-07,Despesa,Energia,Teixeira - EI,1943.62
1442,2025-05-10,Receita,Serviços,Garcia,13679.98
1486,2025-05-15,Receita,Vendas,Vasconcelos,12594.4
933,2025-09-14,Receita,Vendas,Andrade e Filhos,15237.42
1282,2025-11-23,Receita,Vendas,Câmara,17055.09
18,2025-03-20,Receita,Vendas,Garcia S/A,6839.18
26,2025-08-17,Receita,Serviços,Fogaça,9902.38
371,2025-12-27,Despesa,Software,Azevedo da Mota - ME,19028.24
1043,2025-10-05,Despesa,Energia,Barros,5593.46
380,2025-05-25,Despesa,Aluguel,Marques,18186.06
868,2025-10-23,Despesa,Salários,Souza da Rocha S/A,11053.96
643,2025-12-06,Receita,Serviços,Montenegro,10450.77
1499,2025-03-31,Receita,Recebimento de clientes,Porto,2193.34
1264,2025-10-04,Despesa,Software,Ferreira,14565.64
1298,2025-10-09,Receita,Serviços,Siqueira Nogueira S.A.,16638.1
348,2025-02-16,Receita,Vendas,Marques S/A,12492.65
832,2025-03-16,Despesa,Salários,Novais Duarte e Filhos,15843.44
1445,2025-09-27,Receita,Vendas,Macedo,17625.04
1004,2025-06-12,Receita,Recebimento de clientes,Almeida,9728.37
1174,2025-05-10,Despesa,Aluguel,Nunes Ltda.,17613.56
466,2025-10-01,Despesa,,Macedo Macedo S.A.,3832.66
1161,2025-05-28,Receita,Vendas,Oliveira S/A,2543.46
460,2025-05-25,Despesa,Impostos,GOMES MARQUES LTDA. ,4169.33
1244,2025-01-12,Receita,Serviços,GOMES NUNES - ME ,7203.89
602,2025-08-11,Despesa,Software,Rocha,1506.71
995,2025-07-06,Despesa,Marketing,CUNHA - EI ,1571.01
1480,2025-07-16,Despesa,Impostos,Freitas,4832.46
1042,2025-08-26,Despesa,Impostos,Cirino,483.99
1169,2025-07-05,Despesa,Aluguel,Macedo S/A,18419.95
462,2025-12-11,Receita,Serviços,Leão Rezende S/A,7230.35
31,2025-09-25,Despesa,Software,Rodrigues Duarte S/A,1836.75
842,2025-06-30,Despesa,Software,Mendes,10010.24
773,2025-07-12,Despesa,Software,PEREIRA ,15501.58
1177,2025-04-21,Despesa,Marketing,OLIVEIRA ,4439.82
1160,2025-01-12,Despesa,Fornecedores,Novaes,4451.74
1234,2025-04-07,Despesa,Aluguel,da Cruz - EI,3338.36
670,2025-03-21,Receita,Vendas,Porto - ME,10286.61
1122,2025-12-12,Receita,Vendas,Pires,5004.05
1419,2025-09-18,Despesa,Software,Novaes S/A,2614.38
1447,2025-04-23,Despesa,Salários,da Mata Nunes S/A,8944.58
958,2025-09-25,Despesa,Software,Gomes da Cruz Ltda.,8643.7
237,2025-05-13,Despesa,Marketing,Vasconcelos e Filhos,4519.6
1050,2025-06-16,Receita,Recebimento de clientes,Fonseca,15196.34
1170,2025-09-04,Receita,Recebimento de clientes,Costela Sousa - EI,8247.3
583,2025-03-17,Receita,Vendas,Azevedo,1492.26
1399,2025-01-26,Despesa,Fornecedores,Souza,17901.64
874,2025-06-23,Receita,Vendas,Camargo Farias S.A.,18007.07
1401,2025-05-19,Receita,Recebimento de clientes,Cavalcante,13219.9
332,2025-11-07,Receita,Vendas,Alves,5592.92
483,2025-10-18,Despesa,Software,Almeida,14686.52
953,2025-09-23,Receita,Recebimento de clientes,DA ROSA GARCIA S.A. ,6944.95
1210,2025-08-10,Receita,Recebimento de clientes,Silveira,14335.61
693,2025-03-13,Receita,Serviços,Cirino,17576.59
957,2025-07-10,Despesa,Salários,Leão,1865.98
1073,2025-11-01,Receita,Vendas,FARIAS ,13348.34
1249,2025-11-30,Despesa,Aluguel,Araújo - ME,7160.78
1195,2025-07-26,Despesa,Marketing,Cunha,10700.37
1019,2025-03-10,Receita,Serviços,MONTEIRO - ME ,4404.76
516,2025-12-21,Receita,Recebimento de clientes,Silveira,10309.67
1142,2025-11-10,Despesa,Marketing,das Neves Camargo S.A.,5718.41
1254,2025-05-04,Despesa,Software,MORAES S.A. ,3457.73
190,2025-11-01,Receita,Recebimento de clientes,Casa Grande Rezende e Filhos,2000.38
203,2025-10-08,Despesa,Salários,Porto da Mota - EI,18895.73
1415,2025-06-29,Receita,Serviços,da Rocha S/A,13029.61
1292,2025-12-06,Despesa,Marketing,Novaes - ME,3142.27
568,2025-02-26,Receita,Vendas,Lopes Pastor - ME,15789.02
708,2025-10-03,Despesa,Aluguel,Barbosa e Filhos,11743.66
75,2025-08-01,Receita,Recebimento de clientes,DA CONCEIÇÃO S/A ,14500.24
1309,2025-10-21,Receita,Serviços,Marques,12112.42
43,2025-04-30,Despesa,Aluguel,Sá S/A,612.33
781,2025-01-21,Receita,Recebimento de clientes,Gomes,15446.6
1205,2025-04-19,Receita,Vendas,Rezende da Rosa S.A.,4671.58
683,2025-03-20,Receita,Serviços,Vieira S.A.,16652.54
324,2025-08-22,Despesa,Software,Macedo,3620.16
399,2025-01-03,Despesa,Impostos,Pires Rodrigues Ltda.,8786.49
368,2025-04-16,Despesa,Salários,Melo,17323.89
1324,2025-04-07,Despesa,Software,Castro e Filhos,10188.81
1295,2025-12-05,Receita,Serviços,Sousa,5028.83
1315,2025-10-02,Receita,Serviços,Dias,18450.14
106,2025-04-21,Despesa,Energia,Araújo Moraes S/A,4514.82
810,2025-08-10,Despesa,Software,Duarte Pimenta Ltda.,14119.17
940,2025-07-06,Receita,Serviços,Nogueira Cunha S/A,14612.58
540,2025-10-29,Despesa,Fornecedores,Mendonça,12154.26
288,2025-03-15,Receita,Vendas,da Mota,16959.65
924,2025-06-02,Despesa,Marketing,Rodrigues e Filhos,5732.73
1253,2025-12-24,Receita,Vendas,DA MOTA BARROS LTDA. ,15372.2
606,2025-02-19,Despesa,Salários,da Paz,13877.35
1072,2025-10-13,Despesa,Marketing,Farias,5601.77
230,2025-11-01,Receita,Serviços,Cunha,13088.54
569,2025-10-03,Receita,Vendas,Gonçalves Ltda.,17094.64
322,2025-03-01,Despesa,Software,Barbosa Araújo S.A.,12995.31
391,2025-04-03,Despesa,Marketing,Jesus Rezende S.A.,7901.13
574,2025-05-01,Despesa,Energia,Vasconcelos Ferreira Ltda.,1319.47
91,2025-05-06,Receita,Recebimento de clientes,Martins,13698.81
917,2025-01-25,Receita,Serviços,Nogueira S/A,16246.34
559,2025-03-03,Despesa,Software,Oliveira,18808.65
78,2025-10-25,Despesa,Salários,Nogueira Cardoso e Filhos,6657.66
364,2025-10-27,Receita,,Câmara S/A,10081.26
84,2025-03-29,Receita,Recebimento de clientes,Siqueira,9483.12
126,2025-11-21,Despesa,Salários,CALDEIRA E FILHOS ,8334.37
725,2025-01-04,Receita,Serviços,Cunha,9988.73
630,2025-10-30,Despesa,Aluguel,Martins,670.26
80,2025-06-13,Despesa,Energia,Jesus,12543.59
1113,2025-02-25,Despesa,Software,Brito,5538.07
850,2025-03-23,Despesa,Salários,Souza,8037.92
1409,2025-04-06,Despesa,Impostos,Cavalcante,9186.32
365,2025-02-28,Despesa,Marketing,Campos,15391.97
1493,2025-09-12,Despesa,Salários,Carvalho,6222.97
526,2025-03-19,Receita,Vendas,Alves,985.02
307,2025-04-11,Receita,Serviços,Pastor,5966.8
464,2025-01-19,Receita,Vendas,da Mota,2402.68
215,2025-07-25,Despesa,Energia,Vargas,6995.59
1357,2025-12-19,Despesa,Aluguel,FERREIRA ,3419.42
671,2025-02-22,Receita,Serviços,DA CUNHA ,6203.37
282,2025-10-03,Receita,Serviços,Fogaça,7197.94
828,2025-07-20,Receita,Vendas,Sales,1719.52
419,2025-02-05,Receita,Recebimento de clientes,Mendes,10799.26
1167,2025-06-18,Despesa,Energia,da Rosa Andrade - ME,15014.22
974,2025-04-05,Despesa,Energia,Martins,12307.04
1067,2025-11-08,Receita,,Mendes,4842.01
1198,2025-02-15,Despesa,Software,Novaes,15694.3
1193,2025-09-28,Despesa,Impostos,Azevedo,11965.03
792,2025-03-06,Receita,Recebimento de clientes,DA PAZ ,738.19
1424,2025-06-16,Receita,Recebimento de clientes,Brito Ltda.,1080.11
19,2025-08-07,Despesa,Marketing,Pires,13291.68
1297,2025-06-12,Receita,Recebimento de clientes,Vargas,4708.6
311,2025-07-07,Despesa,Impostos,da Luz Ribeiro S/A,19341.37
655,2025-09-02,Despesa,Fornecedores,Novaes Siqueira - EI,9446.5
524,2025-03-03,Despesa,Energia,Lima Novais - EI,17270.2
905,2025-11-15,Despesa,Energia,Duarte Moreira - ME,8422.14
582,2025-10-07,Despesa,Aluguel,Cassiano,18803.45
962,2025-11-10,Receita,Vendas,ARAGÃO DA MATA - ME ,5031.66
968,2025-03-30,Receita,Serviços,Gonçalves da Costa - EI,11868.83
1269,2025-01-17,Despesa,Impostos,Lima,12076.86
988,2025-01-27,Receita,Recebimento de clientes,Siqueira Vieira Ltda.,1133.27
1350,2025-05-09,Receita,Vendas,Novaes,17257.23
775,2025-06-06,Receita,Serviços,Guerra,14706.9
889,2025-02-20,Receita,Serviços,Sales,3640.62
829,2025-09-06,Despesa,Impostos,JESUS MONTENEGRO - EI ,9861.2
969,2025-08-04,Despesa,Impostos,Vasconcelos,10206.23
1146,2025-04-13,Receita,Vendas,Mendonça Porto - EI,9696.03
37,2025-10-20,Receita,Vendas,Carvalho,19210.49
581,2025-11-18,Despesa,Impostos,Pires,2170.1
776,2025-03-10,Despesa,Software,Teixeira Freitas - EI,11224.05
756,2025-04-28,Receita,Serviços,Pimenta,8039.86
1068,2025-06-03,Despesa,Salários,Fonseca Ltda.,10087.05
263,2025-09-28,Receita,Vendas,Duarte,18605.9
803,2025-10-21,Despesa,Impostos,Novais,182.37
74,2025-10-13,Receita,Recebimento de clientes,Santos e Filhos,767.02
767,2025-09-05,Receita,Serviços,Mendes,8709.62
879,2025-03-07,Despesa,Energia,Cavalcanti Pimenta e Filhos,4023.59
1227,2025-06-14,Despesa,Fornecedores,Pimenta,9382.27
1116,2025-06-23,Receita,Recebimento de clientes,da Rosa S/A,2438.12
996,2025-05-03,Receita,Vendas,Freitas,873.17
680,2025-09-25,Receita,Serviços,Carvalho Azevedo e Filhos,742.17
741,2025-03-24,Receita,Serviços,PIMENTA BORGES S/A ,10569.7
752,2025-10-19,Receita,Serviços,Santos,9182.18
341,2025-07-17,Receita,Recebimento de clientes,Ferreira,2153.88
63,2025-05-20,Despesa,Aluguel,BARROS E FILHOS ,11346.83
586,2025-03-21,Despesa,Energia,Pastor,1545.68
965,2025-03-14,Despesa,Fornecedores,Albuquerque,11403.54
1165,2025-09-18,Receita,Serviços,Nogueira,6580.99
926,2025-07-28,Receita,Vendas,Nascimento Gonçalves - EI,2974.32
79,2025-03-17,Despesa,Energia,da Cruz,18721.79
1397,2025-04-18,Despesa,Impostos,Porto Nunes S/A,17933.68
881,2025-11-12,Receita,Vendas,Borges,5567.73
485,2025-05-29,Receita,Vendas,Moura,1483.18
1060,2025-08-05,Despesa,Impostos,Silveira - EI,11643.47
194,2025-03-12,Despesa,Fornecedores,Novais S.A.,12224.77
717,2025-05-08,Despesa,Impostos,Macedo,3435.8
1028,2025-06-10,Receita,Vendas,Sá Silva - ME,1776.11
518,2025-11-26,Despesa,Impostos,Fogaça,16337.73
873,2025-11-12,Despesa,Software,da Mata,12826.04
841,2025-11-15,Receita,Vendas,SALES SANTOS - ME ,4823.72
702,2025-03-26,Receita,Serviços,Pereira,19477.23
396,2025-10-18,Despesa,Fornecedores,Dias,5215.9
453,2025-06-15,Despesa,Software,Ramos Azevedo e Filhos,2250.42
1268,2025-12-05,Despesa,Aluguel,Vargas S/A,9811.19
1440,2025-04-25,Despesa,Impostos,Borges,11513.92
547,2025-05-30,Receita,Recebimento de clientes,Gonçalves Peixoto S/A,8979.99
722,2025-08-01,Receita,Recebimento de clientes,Alves e Filhos,5680.54
876,2025-08-09,Despesa,Aluguel,Silva,12513.59
308,2025-02-19,Despesa,Fornecedores,das Neves,19075.39
1464,2025-08-28,Receita,Vendas,Novaes,18233.07
959,2025-02-05,Despesa,Aluguel,Farias Ramos S/A,3472.04
195,2025-09-28,Receita,Recebimento de clientes,Marques S.A.,3679.62
1420,2025-02-08,Despesa,Marketing,PEIXOTO ,6736.48
338,2025-01-19,Despesa,Fornecedores,da Mota,12397.9
181,2025-03-23,Despesa,Aluguel,Moraes Melo e Filhos,10698.85
1291,2025-01-25,Despesa,Energia,Duarte,4928.75
1288,2025-10-22,Receita,Serviços,Cavalcanti S.A.,3923.4
1179,2025-06-17,Receita,Serviços,Carvalho - ME,14375.81
1280,2025-11-05,Despesa,Impostos,Cassiano,656.81
1466,2025-02-04,Despesa,Energia,Albuquerque,9057.32
1212,2025-09-17,Despesa,Fornecedores,Abreu S.A.,3307.57
278,2025-03-31,Despesa,Marketing,Guerra Sales S.A.,13308.99
1152,2025-07-13,Despesa,Aluguel,GOMES NOVAIS - EI ,5876.58
840,2025-12-14,Despesa,Marketing,da Rosa Vargas Ltda.,17688.5
15,2025-06-28,Receita,Recebimento de clientes,Ferreira,1309.53
1287,2025-09-18,Receita,Serviços,Montenegro e Filhos,17930.26
716,2025-04-15,Receita,Vendas,Freitas,3153.46
1095,2025-12-17,Despesa,Software,Nogueira,7987.59
250,2025-05-25,Receita,Serviços,Caldeira Sampaio Ltda.,3730.02
415,2025-08-07,Receita,Recebimento de clientes,PORTO ,12829.3
784,2025-10-05,Despesa,Energia,Correia,9707.39
1494,2025-04-06,Despesa,Salários,CAVALCANTI S.A. ,5336.77
555,2025-06-01,Receita,Vendas,Barbosa,392.48
305,2025-02-13,Despesa,Aluguel,Vasconcelos Moreira - ME,16589.66
1119,2025-03-17,Receita,Recebimento de clientes,MOREIRA CAVALCANTI - EI ,8934.17
258,2025-03-13,Receita,Vendas,Santos,3176.46
1491,2025-03-10,Receita,Vendas,Araújo,2903.35
696,2025-08-23,Despesa,Energia,Barros,9242.46
930,2025-09-28,Despesa,Marketing,da Conceição,17511.51
812,2025-06-12,Receita,Recebimento de clientes,Pastor,4966.11
507,2025-11-02,Receita,Serviços,Rios,755.05
1485,2025-06-21,Despesa,Fornecedores,Souza,14292.75
1487,2025-07-18,Despesa,Marketing,da Mata,3805.18
891,2025-07-27,Receita,Vendas,das Neves,4133.23
633,2025-01-14,Receita,Serviços,Castro,4617.77
1145,2025-02-17,Receita,Serviços,Oliveira Gomes - ME,13886.07
107,2025-11-11,Receita,Vendas,AZEVEDO PEIXOTO S/A ,16115.19
626,2025-09-29,Receita,Recebimento de clientes,Macedo Pimenta Ltda.,3518.48
1272,2025-07-14,Receita,Vendas,Monteiro - ME,16822.69
980,2025-02-24,Receita,Serviços,NOVAES ,8289.09
393,2025-10-18,Despesa,Salários,Pinto,814.65
132,2025-06-18,Despesa,Impostos,DA MOTA ,18304.8
1065,2025-10-04,Receita,Vendas,Cavalcante - ME,8646.36
1307,2025-09-27,Despesa,Impostos,da Conceição - EI,11053.01
160,2025-11-15,Despesa,Salários,Siqueira,16424.72
138,2025-06-24,Despesa,Marketing,Nogueira Andrade Ltda.,17010.42
1339,2025-09-28,Despesa,Fornecedores,Cardoso,18756.6
169,2025-10-28,Receita,Recebimento de clientes,Rios,13260.15
898,2025-01-07,Receita,Serviços,Leão,4419.25
1449,2025-07-21,Despesa,Marketing,Barros e Filhos,15103.2
851,2025-09-25,Receita,Vendas,Cunha,12518.24
1349,2025-10-07,Receita,Serviços,Ramos da Rocha - ME,16584.29
1096,2025-07-19,Receita,Serviços,Vieira Ltda.,6134.01
1337,2025-10-04,Receita,Recebimento de clientes,Barbosa,15710.94
1236,2025-01-15,Receita,Serviços,Ribeiro Ltda.,6756.19
1184,2025-11-08,Receita,Serviços,Oliveira Pires Ltda.,5130.56
295,2025-03-12,Despesa,Fornecedores,Albuquerque - EI,9689.11
221,2025-09-13,Receita,Serviços,Mendonça,19083.92
478,2025-07-13,Despesa,Aluguel,Viana Peixoto S/A,3652.68
1328,2025-06-05,Despesa,Energia,Gonçalves,3117.81
1348,2025-02-25,Receita,Recebimento de clientes,Andrade Pimenta - EI,12922.73
1187,2025-04-08,Receita,Recebimento de clientes,Guerra - EI,7371.37
801,2025-12-03,Despesa,Marketing,Cardoso S/A,1549.22
672,2025-02-04,Despesa,Aluguel,Fogaça S/A,3729.18
182,2025-03-13,Despesa,Software,Ribeiro Barros Ltda.,11784.27
1281,2025-06-24,Receita,Vendas,Andrade Novaes e Filhos,298.01
473,2025-09-26,Receita,Recebimento de clientes,Aragão Ltda.,6789.09
642,2025-12-05,Despesa,Fornecedores,Leão S/A,15241.87
972,2025-12-05,Receita,Serviços,DAS NEVES ,10929.87
494,2025-09-29,Receita,Serviços,Mendonça e Filhos,10249.54
54,2025-05-11,Despesa,Salários,Marques Abreu e Filhos,3687.41
283,2025-12-20,Receita,Serviços,da Mata,12861.44
523,2025-10-30,Receita,Recebimento de clientes,Oliveira,16167.42
598,2025-07-22,Despesa,Impostos,Aparecida da Cruz e Filhos,17561.93
429,2025-10-12,Receita,Vendas,Pinto da Cunha e Filhos,13131.65
1102,2025-12-27,Receita,Recebimento de clientes,CALDEIRA ,14667.72
417,2025-08-13,Receita,Vendas,Marques,535.21
1474,2025-02-19,Despesa,Salários,OLIVEIRA ,2193.19
382,2025-10-15,Despesa,Salários,Oliveira Gomes S.A.,12592.3
1017,2025-04-09,Despesa,Energia,Araújo,13227.51
1460,2025-08-27,Receita,Recebimento de clientes,Aparecida Lima S/A,1602.64
296,2025-10-18,Despesa,Energia,Melo,5307.0
596,2025-04-16,Receita,Vendas,Silva,19000.26
1370,2025-07-12,Receita,Recebimento de clientes,PASTOR ,10197.04
1458,2025-01-15,Receita,Recebimento de clientes,Campos Sá - ME,18608.21
1168,2025-03-08,Despesa,Marketing,FERREIRA ,13408.29
804,2025-01-08,Despesa,Marketing,Sá,13563.61
1020,2025-09-08,Receita,Serviços,NUNES ,14231.85
1210,2025-08-10,Receita,Recebimento de clientes,Silveira,14335.61
1444,2025-06-15,Receita,Serviços,Aparecida,13547.3
482,2025-03-31,Receita,Recebimento de clientes,Albuquerque Fogaça S.A.,800.23
325,2025-06-08,Despesa,Software,Martins e Filhos,727.07
279,2025-12-29,Despesa,Fornecedores,Ribeiro,9678.62
168,2025-04-08,Despesa,Marketing,Silveira Ltda.,10965.27
1239,2025-10-05,Receita,Vendas,Viana S.A.,18400.03
652,2025-01-27,Despesa,Marketing,Pimenta,14970.03
777,2025-07-14,Despesa,Impostos,Dias S.A.,14525.21
185,2025-08-18,Despesa,Salários,Casa Grande Alves S/A,10017.25
735,2025-04-28,Receita,Serviços,Silva Santos e Filhos,17309.34
1325,2025-12-21,Receita,Serviços,Santos,19688.63
504,2025-03-15,Despesa,Impostos,Guerra,10685.51
1075,2025-04-29,Despesa,Energia,Rezende,8313.92
94,2025-03-29,Receita,Recebimento de clientes,Borges S.A.,12221.36
1318,2025-06-01,Receita,Recebimento de clientes,Cassiano S/A,7246.14
682,2025-01-12,Receita,Recebimento de clientes,Costa,18053.8
220,2025-06-07,Receita,Vendas,Mendonça Câmara Ltda.,2995.34
1416,2025-06-11,Despesa,Energia,da Luz,14709.79
1061,2025-02-22,Despesa,Impostos,Oliveira Moreira S.A.,10422.48
131,2025-05-11,Receita,Vendas,Borges e Filhos,14391.93
1173,2025-07-04,Receita,Recebimento de clientes,Viana Costela S.A.,5623.88
582,2025-10-07,Despesa,Aluguel,Cassiano,18803.45
1372,2025-03-04,Despesa,Fornecedores,Nunes,6240.65
115,2025-05-14,Receita,Serviços,Sá,18992.67
823,2025-07-20,Receita,Recebimento de clientes,Casa Grande,3380.58
887,2025-01-31,Receita,Vendas,da Rosa,6906.22
1476,2025-04-27,Despesa,Marketing,da Mota Guerra S.A.,8929.3
1209,2025-03-24,Receita,Serviços,Aragão Gonçalves e Filhos,7313.92
932,2025-01-28,Receita,Vendas,Correia,1074.24
1099,2025-10-17,Despesa,Salários,Nunes e Filhos,2861.6
927,2025-07-03,Receita,Recebimento de clientes,Siqueira Câmara S/A,2360.59
55,2025-10-15,Despesa,Marketing,Montenegro,549.87
1256,2025-04-30,Despesa,Energia,das Neves e Filhos,8875.81
450,2025-06-30,Despesa,Fornecedores,Caldeira,2181.89
595,2025-04-01,Receita,Serviços,Araújo Machado S/A,14644.74
1261,2025-03-24,Receita,Vendas,das Neves e Filhos,4813.67
902,2025-12-14,Receita,Recebimento de clientes,Barbosa,16082.52
839,2025-12-17,Receita,Serviços,da Mota Novais Ltda.,12928.6
790,2025-04-26,Despesa,Marketing,Pacheco Fogaça S/A,7417.2
1368,2025-02-21,Receita,Recebimento de clientes,Cavalcanti da Costa - EI,15369.03
447,2025-04-27,Despesa,Aluguel,Marques Ltda.,2481.97
124,2025-08-12,Receita,Vendas,Ribeiro,2529.6
112,2025-10-06,Receita,Vendas,Rios Silva Ltda.,710.16
214,2025-12-19,Despesa,Aluguel,Costela - ME,5585.89
1400,2025-08-30,Receita,Recebimento de clientes,da Costa Ltda.,5644.55
65,2025-09-16,Despesa,Aluguel,Cardoso Ribeiro - ME,8703.07
40,2025-03-14,Despesa,Salários,Pacheco,14008.17
1436,2025-12-06,Despesa,Marketing,Camargo,17343.48
209,2025-06-03,Receita,Recebimento de clientes,Carvalho S.A.,2254.15
424,2025-05-20,Receita,Recebimento de clientes,da Mota,6006.94
912,2025-12-21,Despesa,Marketing,Silveira,18341.2
772,2025-05-01,Despesa,Energia,Costela,8363.93
929,2025-08-30,Despesa,Marketing,Nascimento,1689.4
1091,2025-09-27,Receita,Vendas,Silva Lima - ME,17596.74
1296,2025-12-29,Receita,Vendas,Martins Freitas - EI,19978.0
193,2025-09-02,Receita,Recebimento de clientes,Sampaio Moreira - ME,3939.07
1176,2025-05-08,Despesa,Impostos,DUARTE SANTOS LTDA. ,6925.86
475,2025-04-19,Receita,Recebimento de clientes,Azevedo Teixeira - EI,4485.46
204,2025-02-21,Receita,Recebimento de clientes,Pires,14341.1
25,2025-05-17,Despesa,Impostos,Castro,15879.64
8,2025-06-05,Despesa,Marketing,Câmara,5671.21
644,2025-06-29,Receita,Serviços,da Costa,13119.89
61,2025-04-01,Despesa,Impostos,Fonseca Ltda.,11419.96
1255,2025-05-05,Receita,Vendas,NASCIMENTO DUARTE - ME ,1020.59
476,2025-03-20,Receita,Recebimento de clientes,PASTOR CUNHA S.A. ,17474.09
1107,2025-02-07,Receita,Serviços,Ferreira Alves - ME,9341.48
1251,2025-06-02,Receita,Recebimento de clientes,Lima,4480.26
1446,2025-06-01,Despesa,Marketing,da Luz,19488.28
1040,2025-05-17,Receita,Recebimento de clientes,Mendonça,13738.35
118,2025-08-23,Despesa,Salários,Montenegro da Luz S.A.,5259.14
58,2025-02-23,Despesa,Energia,Cassiano Freitas S.A.,12647.27
1217,2025-06-28,Receita,Vendas,Lima e Filhos,7503.42
557,2025-09-15,Receita,Recebimento de clientes,Lopes S/A,11137.26
102,2025-02-17,Despesa,Software,da Rocha Cunha S/A,5662.3
452,2025-01-21,Despesa,Marketing,Pimenta,16153.7
949,2025-12-21,Despesa,Aluguel,Ramos,10569.47
744,2025-06-10,Receita,Recebimento de clientes,Vargas,2278.14
1378,2025-04-07,Despesa,Energia,Farias - EI,4394.29
1223,2025-10-29,Despesa,Aluguel,Azevedo Moura - EI,6443.28
859,2025-04-29,Receita,Vendas,Abreu Novaes S.A.,2261.66
807,2025-02-07,Despesa,Impostos,Aparecida S/A,15429.54
1260,2025-01-10,Despesa,Salários,Pimenta,8146.36
1101,2025-02-03,Receita,Serviços,Vieira,4153.51
686,2025-02-26,Receita,Serviços,da Cunha,11412.11
81,2025-06-10,Despesa,Software,Brito Brito e Filhos,9596.86
1024,2025-04-15,Despesa,Energia,Barbosa e Filhos,9014.64
213,2025-05-05,Receita,Recebimento de clientes,Leão,13941.75
521,2025-10-29,Despesa,Fornecedores,Caldeira Ferreira - EI,19965.38
385,2025-10-19,Receita,Vendas,Santos,10259.61
1344,2025-04-04,Despesa,Energia,Garcia e Filhos,7382.49
584,2025-04-23,Receita,Serviços,Macedo,9560.02
109,2025-11-25,Receita,Recebimento de clientes,Pacheco Peixoto S/A,14168.95
1417,2025-06-21,Despesa,Marketing,Barbosa Ltda.,7422.49
542,2025-07-31,Despesa,Software,Cunha,1445.75
360,2025-07-12,Despesa,Impostos,Campos,10443.82
177,2025-08-13,Receita,Serviços,da Rosa Ltda.,10801.81
352,2025-12-09,Receita,Recebimento de clientes,Ribeiro - EI,13226.37
1077,2025-12-24,Despesa,Marketing,Mendes Dias S.A.,3701.66
761,2025-03-05,Despesa,Fornecedores,Alves S/A,11841.4
491,2025-02-09,Despesa,Software,Marques,15692.8
267,2025-09-27,Receita,Serviços,Monteiro Ltda.,5124.59
321,2025-02-01,Despesa,Marketing,Ramos Cassiano Ltda.,7948.23
593,2025-12-26,Receita,Vendas,Machado - EI,11435.66
624,2025-06-10,Despesa,Software,Silveira Macedo S/A,3437.82
855,2025-06-25,Receita,Recebimento de clientes,da Cruz Aragão e Filhos,14043.46
82,2025-10-27,Receita,Recebimento de clientes,Fogaça,12475.3
269,2025-02-19,Receita,Vendas,Fernandes,1891.59
1241,2025-05-03,Despesa,Impostos,da Costa - ME,286.53
268,2025-09-09,Receita,Vendas,Mendonça Cunha Ltda.,9137.52
98,2025-04-25,Receita,Vendas,da Luz,14153.17
143,2025-06-14,Despesa,Impostos,Pinto,10389.81
943,2025-12-05,Receita,Recebimento de clientes,da Costa,14581.26
531,2025-05-19,Despesa,Fornecedores,Sousa Porto S/A,295.86
379,2025-11-10,Receita,Recebimento de clientes,Novaes,15998.88
62,2025-04-23,Despesa,Marketing,ARAÚJO DA COSTA - EI ,2880.49
1481,2025-06-20,Receita,Serviços,Fernandes Ltda.,16034.93
782,2025-03-25,Despesa,Fornecedores,da Cruz,6444.85
1100,2025-05-03,Receita,Recebimento de clientes,SÁ ,15542.18
862,2025-08-24,Despesa,Impostos,Sá da Paz Ltda.,6177.36
1429,2025-10-09,Despesa,Software,Cassiano,10158.57
23,2025-05-22,Despesa,Aluguel,Brito Garcia Ltda.,13661.57
629,2025-11-05,Despesa,Impostos,Freitas Rocha - EI,17941.26
1199,2025-12-14,Receita,Recebimento de clientes,Nunes Mendonça Ltda.,13163.54
774,2025-02-16,Despesa,Impostos,Dias Silva Ltda.,17033.65
384,2025-11-30,Despesa,Fornecedores,Souza,10279.97
349,2025-02-14,Despesa,Impostos,da Cunha,13782.07
1132,2025-12-06,Despesa,Marketing,Rios,11997.22
351,2025-02-28,Despesa,Aluguel,Moraes,6006.55
658,2025-12-03,Receita,Vendas,Campos,7605.78
435,2025-03-27,Receita,Serviços,Cardoso Viana - EI,18388.14
688,2025-12-10,Despesa,Fornecedores,da Paz Fogaça S/A,4840.36
217,2025-01-02,Receita,Recebimento de clientes,Mendes,10034.66
1070,2025-02-06,Receita,Vendas,Marques Caldeira S.A.,11114.84
388,2025-09-26,Despesa,Energia,Brito,17141.02
178,2025-04-19,Despesa,Impostos,Lopes Viana - EI,16598.66
1182,2025-05-12,Receita,Recebimento de clientes,Silva Duarte S.A.,12651.29
715,2025-09-22,Despesa,Software,Pereira S.A.,3622.1
459,2025-11-04,Despesa,Aluguel,da Costa - EI,9058.81
865,2025-08-19,Receita,Vendas,Nascimento Sousa e Filhos,6564.09
1404,2025-12-09,Receita,Recebimento de clientes,da Luz S.A.,4464.04
4,2025-12-17,Despesa,Energia,Pastor - ME,15063.55
264,2025-11-11,Receita,Vendas,Borges da Mota - ME,1003.61
433,2025-03-17,Despesa,Salários,BORGES DA ROCHA LTDA. ,14033.56
492,2025-08-20,Despesa,Impostos,ARAÚJO - ME ,16588.24
505,2025-01-07,Despesa,Aluguel,Siqueira,16946.7
971,2025-06-24,Receita,Serviços,Nascimento,9018.91
647,2025-08-23,Receita,Serviços,Dias S/A,3729.79
764,2025-08-21,Receita,Serviços,Vargas Oliveira - ME,2572.0
398,2025-12-17,Receita,Serviços,Pinto S/A,13854.6
1016,2025-02-21,Receita,Recebimento de clientes,Garcia,5558.9
1336,2025-06-05,Despesa,Fornecedores,Pacheco - EI,8360.02
445,2025-12-02,Receita,Vendas,Albuquerque,5703.95
537,2025-01-11,Despesa,Aluguel,Aragão S.A.,18209.4
753,2025-12-17,Receita,Recebimento de clientes,Ferreira Moreira Ltda.,12418.77
201,2025-12-03,Despesa,Software,Machado,8594.64
202,2025-11-30,Despesa,Software,SÁ ,19186.67
1355,2025-06-26,Despesa,Software,Viana,16535.56
1039,2025-04-22,Receita,Recebimento de clientes,Viana,2866.11
564,2025-10-18,Despesa,Fornecedores,CAVALCANTE ,16421.81
883,2025-07-29,Despesa,Marketing,Cirino S.A.,6620.38
769,2025-10-22,Receita,Recebimento de clientes,Barbosa,15299.26
700,2025-10-05,Receita,Recebimento de clientes,Barros Ltda.,552.14
508,2025-10-24,Despesa,Impostos,Freitas,9383.59
1219,2025-07-12,Despesa,Salários,Borges,768.44
472,2025-09-30,Despesa,Fornecedores,Ramos Porto - EI,429.78
33,2025-07-25,Receita,Recebimento de clientes,Azevedo,18669.65
272,2025-05-31,Receita,Recebimento de clientes,MOREIRA S.A. ,3988.7
408,2025-08-21,Despesa,Energia,Cavalcante Cavalcanti S/A,1561.08
904,2025-01-05,Despesa,,Oliveira Nascimento S.A.,2620.31
821,2025-02-16,Receita,Vendas,Silveira Aragão - EI,6173.34
471,2025-03-23,Receita,Recebimento de clientes,Campos Marques S/A,3757.33
1026,2025-02-21,Receita,Vendas,Cavalcanti Ltda.,1638.72
911,2025-03-26,Despesa,Energia,Novais - ME,13769.67
1408,2025-03-09,Receita,Recebimento de clientes,Gomes - ME,11852.18
383,2025-12-17,Despesa,Energia,Aparecida,8634.47
275,2025-03-30,Despesa,Impostos,Sales Melo e Filhos,15959.86
1018,2025-02-25,Despesa,Energia,Sampaio S.A.,11457.46
7,2025-08-07,Despesa,Salários,Novais S.A.,5343.85
901,2025-07-09,Despesa,Fornecedores,Moura - ME,16911.61
1029,2025-09-09,Despesa,Impostos,da Rosa S.A.,5621.96
1459,2025-02-12,Despesa,Fornecedores,Cavalcante Cunha S.A.,1598.28
211,2025-12-17,Despesa,Fornecedores,Azevedo Leão - ME,6413.4
123,2025-06-22,Receita,Recebimento de clientes,Rios - EI,2363.7
1366,2025-11-02,Despesa,Aluguel,Teixeira S.A.,18538.87
826,2025-11-26,Receita,Serviços,DIAS ,3934.26
2,2025-09-03,Receita,Serviços,da Cruz,10303.89
814,2025-06-11,Despesa,Impostos,Santos,16298.5
1154,2025-12-23,Receita,Serviços,Leão,17585.9
1089,2025-12-25,Despesa,Fornecedores,da Costa,2590.97
941,2025-07-18,Receita,Serviços,Montenegro da Rocha S.A.,9511.73
312,2025-05-27,Receita,Vendas,DA COSTA CAVALCANTI - EI ,14117.61
235,2025-07-28,Despesa,Marketing,MELO S/A ,7535.76
101,2025-05-14,Despesa,Salários,Cassiano,8566.74
319,2025-04-04,Receita,Serviços,da Luz Viana e Filhos,18215.28
339,2025-11-10,Receita,Recebimento de clientes,Pacheco Lopes e Filhos,1603.93
404,2025-12-26,Receita,Recebimento de clientes,Duarte S/A,9558.59
390,2025-09-05,Despesa,Energia,Albuquerque,15944.82
104,2025-06-10,Despesa,Fornecedores,Aragão - EI,7910.57
197,2025-03-24,Despesa,Energia,Sá,4313.75
1183,2025-02-06,Receita,Serviços,Mendonça,15783.12
591,2025-02-10,Despesa,Fornecedores,Ramos S/A,2679.42
942,2025-04-24,Despesa,Impostos,Oliveira,5004.57
622,2025-03-23,Despesa,Software,Peixoto Garcia S.A.,2508.73
135,2025-09-17,Despesa,Energia,Novaes,19492.67
1228,2025-08-12,Despesa,Software,Cunha,4284.36
701,2025-02-25,Receita,Serviços,das Neves,16868.51
411,2025-01-26,Despesa,Marketing,Martins Porto Ltda.,10547.08
299,2025-07-16,Despesa,Aluguel,da Cunha - ME,7429.47
1230,2025-01-06,Receita,Serviços,Pastor e Filhos,18292.99
669,2025-06-05,Receita,Serviços,Gomes - ME,194.37
465,2025-05-12,Despesa,Fornecedores,Sales Ltda.,11415.87
600,2025-08-15,Despesa,Fornecedores,Fonseca Freitas Ltda.,16671.54
552,2025-07-10,Receita,Vendas,CAVALCANTI ,14320.13
161,2025-02-13,Receita,Recebimento de clientes,LOPES ,10299.42
636,2025-06-22,Receita,Vendas,Novaes,18318.25
1189,2025-01-16,Receita,Recebimento de clientes,Marques,12688.62
1483,2025-11-02,Despesa,Impostos,Sampaio,8208.0
1285,2025-02-14,Despesa,Fornecedores,da Mata,12357.51
615,2025-10-02,Receita,Vendas,Moraes,14932.36
1130,2025-06-04,Despesa,Software,Fonseca Duarte S.A.,7364.84
1470,2025-10-01,Receita,Vendas,Caldeira - EI,2585.07
236,2025-07-28,Despesa,Energia,Ferreira S.A.,1575.92
1406,2025-11-23,Receita,Vendas,Viana,223.95
86,2025-05-12,Receita,Serviços,Araújo - ME,8881.09
366,2025-10-01,Receita,Serviços,Monteiro Silva Ltda.,5467.33
1414,2025-09-20,Despesa,Aluguel,Castro Machado S/A,8389.88
233,2025-09-04,Despesa,Salários,da Mota,11687.75
1010,2025-02-12,Despesa,Marketing,Barros,18652.45
372,2025-03-28,Receita,Recebimento de clientes,Viana,15994.51
17,2025-07-14,Despesa,Aluguel,Nascimento,10324.18
1376,2025-08-02,Receita,Vendas,Araújo S.A.,980.95
1071,2025-02-05,Despesa,Aluguel,Abreu,14333.86
573,2025-09-09,Despesa,Fornecedores,Moura - EI,12428.02
345,2025-07-16,Despesa,Salários,Sales,4502.54
130,2025-10-16,Despesa,Aluguel,da Cunha,8458.93
270,2025-12-25,Receita,Vendas,Peixoto,14467.21
614,2025-01-28,Despesa,Fornecedores,Ramos e Filhos,19579.35
1388,2025-01-22,Receita,Vendas,Rezende,941.73
95,2025-11-29,Receita,Serviços,Jesus Mendonça - ME,19188.17
1245,2025-05-09,Receita,Vendas,Nogueira,11970.67
1418,2025-02-27,Despesa,Impostos,Garcia Castro e Filhos,14963.69
628,2025-03-28,Receita,Serviços,das Neves Viana - ME,4025.55
196,2025-03-06,Receita,Recebimento de clientes,Rios,17652.13
1302,2025-08-28,Despesa,Aluguel,Sousa,8520.52
243,2025-11-24,Receita,Serviços,VARGAS ,1751.51
882,2025-03-23,Despesa,Salários,Rios,9026.9
1104,2025-01-06,Despesa,Impostos,MORAES SOUZA - EI ,2637.72
1495,2025-04-23,Receita,Vendas,Araújo da Cruz S/A,9296.11
44,2025-07-13,Receita,Serviços,Cassiano e Filhos,3197.41
802,2025-08-01,Receita,Recebimento de clientes,Freitas,13713.04
1045,2025-05-31,Receita,Vendas,Barros Ltda.,6419.25
206,2025-09-05,Receita,Vendas,da Costa,11927.8
1284,2025-06-08,Despesa,Fornecedores,Silveira,10567.18
793,2025-04-04,Receita,Serviços,Caldeira - ME,19794.72
362,2025-09-29,Receita,Recebimento de clientes,Santos Castro Ltda.,16580.65
92,2025-05-24,Despesa,Software,BARBOSA MACEDO - EI ,12908.1
1175,2025-05-27,Despesa,Fornecedores,Peixoto,9566.49
1465,2025-06-12,Despesa,Impostos,da Mota,8184.15
83,2025-04-12,Despesa,Salários,Jesus,8362.79
1112,2025-06-25,Receita,Vendas,Moreira Mendes Ltda.,17741.43
1267,2025-05-09,Receita,Vendas,Siqueira,10204.91
1166,2025-09-06,Despesa,Aluguel,LIMA CALDEIRA E FILHOS ,16325.81
1240,2025-03-29,Receita,Vendas,Gomes,2196.52
340,2025-11-13,Despesa,Energia,Borges,3685.96
1218,2025-05-05,Despesa,Salários,Mendes Barbosa S.A.,6467.27
1064,2025-07-08,Despesa,Fornecedores,Casa Grande,18821.13
734,2025-12-07,Receita,Vendas,da Rosa,4943.56
97,2025-03-05,Receita,Recebimento de clientes,Abreu,14686.53
85,2025-05-04,Receita,Serviços,Rocha e Filhos,5912.64
818,2025-10-21,Despesa,Impostos,Vieira,887.64
757,2025-08-21,Receita,Vendas,Montenegro e Filhos,8321.37
703,2025-04-02,Receita,Recebimento de clientes,Cavalcante,13120.09
763,2025-07-30,Receita,Serviços,Rezende,17566.93
1457,2025-08-04,Receita,Vendas,Montenegro - EI,1183.96
315,2025-05-28,Receita,Recebimento de clientes,da Rocha,2507.73
885,2025-03-01,Receita,Vendas,Abreu da Luz - ME,13022.97
779,2025-12-26,Despesa,Fornecedores,Machado,4802.18
711,2025-05-12,Despesa,Aluguel,Andrade,8505.1
620,2025-02-01,Receita,Vendas,da Rocha S/A,8724.53
1014,2025-06-28,Despesa,Impostos,Rezende e Filhos,10220.38
634,2025-10-05,Receita,Vendas,Pereira Carvalho Ltda.,9511.32
556,2025-06-13,Receita,Recebimento de clientes,Sousa,2643.66
1197,2025-07-22,Receita,Vendas,da Paz,11964.34
198,2025-10-24,Despesa,Salários,PIMENTA ,1958.96
1411,2025-02-14,Despesa,Fornecedores,Ferreira,19825.32
852,2025-01-17,Receita,Serviços,Nascimento da Mata - EI,18471.84
1383,2025-05-09,Despesa,Salários,Freitas e Filhos,4507.16
979,2025-07-17,Despesa,Energia,Sousa Casa Grande S/A,12162.76
785,2025-12-26,Despesa,Salários,Monteiro Moraes - ME,10137.7
141,2025-06-29,Despesa,Aluguel,Fogaça S.A.,2977.79
915,2025-10-16,Despesa,Salários,Aparecida - ME,11648.2
49,2025-03-03,Despesa,Salários,Rodrigues e Filhos,8393.34
1052,2025-05-24,Receita,Serviços,Borges Cirino - ME,4293.23
951,2025-05-18,Despesa,Energia,Sampaio,19553.49
1121,2025-09-22,Despesa,Impostos,da Conceição,8753.38
770,2025-05-02,Despesa,Salários,Castro - ME,5018.53
242,2025-03-17,Despesa,Salários,Sampaio,8548.26
29,2025-03-23,Receita,Serviços,Nascimento Siqueira S.A.,15196.72
1410,2025-04-28,Despesa,Fornecedores,MONTEIRO ,6140.12
1432,2025-02-02,Despesa,Marketing,Ribeiro,7790.51
1085,2025-07-03,Despesa,Impostos,Siqueira - ME,6744.42
13,2025-01-17,Despesa,Energia,Teixeira Fernandes S/A,1904.55
1394,2025-01-25,Receita,Vendas,Vargas,18599.09
1046,2025-01-06,Receita,Recebimento de clientes,Garcia Silva e Filhos,3751.87
1094,2025-06-12,Receita,Serviços,Nascimento,8667.14
986,2025-05-05,Despesa,Marketing,Silveira,14957.0
174,2025-05-06,Despesa,Salários,Rocha,18470.43
1063,2025-08-19,Receita,Recebimento de clientes,da Mata da Rosa Ltda.,10228.02
1331,2025-03-09,Despesa,Salários,Guerra - ME,3613.07
470,2025-11-13,Despesa,Salários,da Mota,13737.86
273,2025-08-27,Receita,,da Costa e Filhos,6400.34
900,2025-12-04,Despesa,Marketing,TEIXEIRA DA CRUZ E FILHOS ,9354.54
674,2025-01-01,Despesa,Impostos,Vargas - EI,4684.46
1311,2025-07-09,Receita,Recebimento de clientes,Porto Gonçalves S/A,3497.08
70,2025-01-26,Receita,,Campos,16842.75
1048,2025-04-01,Despesa,Aluguel,Caldeira,9662.38
857,2025-05-12,Despesa,Energia,Jesus Ltda.,17164.6
1371,2025-07-23,Receita,Recebimento de clientes,Santos e Filhos,12509.2
330,2025-12-01,Receita,Serviços,Sousa,9096.26
607,2025-04-30,Despesa,Software,Silveira,19051.18
387,2025-10-10,Despesa,Impostos,MONTEIRO ANDRADE S.A. ,10135.46
562,2025-03-03,Receita,Serviços,da Rocha,15991.08
303,2025-08-08,Despesa,Salários,Barros,11011.25
1393,2025-01-05,Receita,Vendas,Siqueira Abreu e Filhos,6481.55
1463,2025-08-03,Receita,Recebimento de clientes,BORGES - ME ,19259.47
1363,2025-07-01,Despesa,Fornecedores,Vargas,15104.37
1155,2025-03-24,Despesa,Aluguel,Mendonça,14246.81
347,2025-08-08,Despesa,Impostos,Teixeira,11882.89
1211,2025-02-25,Despesa,Marketing,Lima Rezende S/A,3301.16
356,2025-06-11,Despesa,Aluguel,Pires,2045.35
698,2025-05-31,Despesa,Marketing,Pereira,9863.78
848,2025-05-12,Despesa,Aluguel,da Rocha Aparecida Ltda.,3759.04
623,2025-05-01,Despesa,Marketing,Cirino Sales - EI,10314.03
1162,2025-05-24,Despesa,Marketing,Vasconcelos,9392.33
529,2025-03-10,Despesa,Marketing,Cirino S.A.,5888.7
797,2025-09-08,Receita,Vendas,Fonseca Novaes Ltda.,19603.25
218,2025-06-06,Receita,Recebimento de clientes,Fogaça Ltda.,3289.63
604,2025-08-16,Despesa,Aluguel,Azevedo,1181.26
925,2025-08-21,Receita,Vendas,REZENDE FERREIRA S/A ,13253.34
1023,2025-07-17,Despesa,Energia,da Mata,237.36
884,2025-06-16,Despesa,Salários,Duarte,5534.79
454,2025-05-08,Receita,Vendas,Sampaio,12346.39
511,2025-12-21,Receita,Recebimento de clientes,BRITO ,19189.54
416,2025-05-31,Receita,Vendas,Sales,5090.26
1229,2025-05-07,Despesa,Software,Brito S.A.,16265.85
808,2025-02-26,Receita,Recebimento de clientes,Silva Farias - ME,14523.53
689,2025-12-19,Despesa,Energia,da Mata,6033.29
836,2025-09-22,Despesa,Marketing,Rocha,15415.88
530,2025-02-13,Receita,Vendas,Azevedo,14045.2
1352,2025-07-26,Despesa,Software,DA MOTA - ME ,5996.94
844,2025-04-20,Receita,Serviços,DA PAZ ,4174.03
328,2025-03-18,Despesa,Marketing,Macedo,11543.59
533,2025-01-23,Receita,Serviços,Garcia Leão - ME,12368.01
916,2025-01-29,Despesa,Software,Sampaio,8259.06
401,2025-10-25,Receita,Serviços,Teixeira e Filhos,5112.24
1066,2025-05-06,Despesa,Impostos,Leão,465.94
939,2025-09-21,Despesa,Marketing,Guerra - ME,17153.02
1301,2025-04-11,Receita,Vendas,Farias S/A,4626.64
649,2025-12-31,Despesa,Impostos,Carvalho Andrade Ltda.,3266.67
200,2025-04-07,Receita,Vendas,Castro,6012.25
1380,2025-12-06,Receita,Vendas,Duarte Araújo S/A,19535.11
1407,2025-04-05,Despesa,Software,SILVEIRA S/A ,6596.33
1248,2025-03-12,Receita,Vendas,da Luz S.A.,9502.31
481,2025-10-19,Receita,Recebimento de clientes,Ribeiro S/A,19527.59
515,2025-04-07,Receita,Serviços,Jesus Ltda.,13764.47
1323,2025-06-18,Receita,Recebimento de clientes,Campos,9137.1
1373,2025-03-24,Receita,Recebimento de clientes,Nunes Correia - ME,8718.26
640,2025-08-15,Despesa,Aluguel,Lopes Borges S.A.,11702.67
183,2025-09-30,Despesa,Salários,Borges,10276.8
1207,2025-11-27,Despesa,Software,da Cunha,17194.66
934,2025-09-24,Despesa,Energia,Pimenta,14782.46
895,2025-08-11,Despesa,Energia,Pimenta,5567.86
186,2025-12-13,Despesa,Marketing,Melo Pimenta S/A,5381.46
532,2025-01-27,Despesa,Salários,Souza - EI,7203.98
1157,2025-09-15,Receita,Recebimento de clientes,da Rocha Andrade Ltda.,17606.78
690,2025-03-03,Despesa,Impostos,Freitas - ME,6140.44
746,2025-12-26,Despesa,Marketing,CARDOSO LTDA. ,7248.32
765,2025-05-31,Despesa,Impostos,Monteiro e Filhos,2418.12
846,2025-06-24,Despesa,Energia,Gonçalves,19564.15
1259,2025-08-09,Despesa,Salários,Camargo,14082.35
486,2025-01-10,Receita,Vendas,Souza S/A,3561.61
297,2025-03-19,Despesa,Salários,Macedo,4943.57
1044,2025-02-09,Despesa,Software,da Cruz,19114.34
374,2025-07-03,Receita,Serviços,Silveira,7797.15
1005,2025-10-20,Despesa,Aluguel,Cavalcanti,18493.87
561,2025-01-25,Receita,Serviços,Santos,10479.05
608,2025-09-11,Receita,Recebimento de clientes,Farias Barros - EI,6380.65
1043,2025-10-05,Despesa,Energia,Barros,5593.46
1455,2025-08-12,Receita,Recebimento de clientes,Melo da Rosa S/A,3526.97
1426,2025-11-15,Receita,Vendas,Ribeiro,1112.62
117,2025-08-18,Despesa,Marketing,Barbosa - EI,11341.55
149,2025-12-28,Receita,Vendas,Câmara,2799.89
822,2025-01-05,Despesa,Energia,Cavalcante,17545.44
798,2025-01-24,Receita,Serviços,Gomes - EI,5157.18
1437,2025-08-28,Receita,,Viana,599.68
1271,2025-10-19,Despesa,Aluguel,da Luz e Filhos,18401.55
1242,2025-04-10,Receita,Serviços,Moura S/A,17120.66
1136,2025-12-21,Receita,Serviços,PASTOR ,16932.34
714,2025-03-23,Despesa,Impostos,Nunes,19391.67
1362,2025-10-14,Receita,Serviços,Melo - EI,12301.18
38,2025-02-26,Despesa,Aluguel,Souza Novais - EI,2688.47
1143,2025-03-01,Despesa,Software,Sales,8925.81
1258,2025-02-02,Despesa,Energia,Araújo da Cruz S/A,13067.98
336,2025-03-25,Despesa,Salários,Teixeira S.A.,18475.99
24,2025-03-14,Despesa,Software,PORTO ,16383.65
1283,2025-03-03,Receita,Recebimento de clientes,da Cruz,1071.52
1334,2025-11-23,Despesa,Salários,Cardoso Costa - ME,1173.85
603,2025-02-26,Despesa,Impostos,Vieira e Filhos,13170.67
845,2025-12-03,Receita,Vendas,Oliveira e Filhos,4345.09
877,2025-09-11,Receita,Vendas,ALBUQUERQUE SOUSA LTDA. ,17011.82
541,2025-09-26,Despesa,Software,Leão,1824.25
1475,2025-11-07,Despesa,Impostos,Andrade,9688.2
208,2025-10-25,Despesa,Marketing,Nogueira,18946.29
144,2025-07-27,Despesa,Software,da Costa Castro S.A.,10534.88
1106,2025-06-15,Despesa,Aluguel,Vargas,18999.02
570,2025-03-31,Despesa,Salários,Câmara,8029.55
1472,2025-11-16,Receita,Vendas,Jesus,11283.1
122,2025-12-31,Despesa,Energia,Pimenta,4193.23
978,2025-12-27,Receita,Recebimento de clientes,Aparecida,5296.8
455,2025-10-26,Receita,Serviços,Rezende,14961.7
495,2025-12-05,Despesa,Salários,Barbosa,14402.42
1051,2025-04-29,Despesa,Software,Caldeira,8821.51
501,2025-01-23,Despesa,Fornecedores,Rezende e Filhos,6904.13
755,2025-01-14,Despesa,Energia,Cardoso,2743.31
993,2025-02-21,Despesa,Salários,Jesus S.A.,15615.9
397,2025-06-15,Despesa,Impostos,Nogueira,770.13
1413,2025-05-02,Despesa,Energia,VIANA ,2644.22
590,2025-11-29,Receita,Serviços,Freitas Ltda.,16260.2
1471,2025-05-27,Despesa,Marketing,Viana Ltda.,2182.05
796,2025-04-11,Receita,Recebimento de clientes,Guerra S/A,5606.31
648,2025-08-08,Despesa,Marketing,Vieira,15166.84
1343,2025-06-20,Despesa,Marketing,Monteiro,6971.8
1243,2025-10-28,Receita,Recebimento de clientes,Dias,14119.83
1360,2025-12-20,Receita,Recebimento de clientes,Dias - EI,16758.12
1321,2025-08-29,Despesa,Salários,Vargas,5992.31
1013,2025-09-09,Despesa,Marketing,Sampaio Câmara Ltda.,18450.99
973,2025-02-15,Receita,Recebimento de clientes,Fonseca,5456.55
948,2025-05-15,Despesa,Aluguel,Aragão,9648.09
913,2025-03-11,Despesa,Aluguel,GONÇALVES LTDA. ,9177.17
461,2025-06-01,Despesa,Salários,Pastor,14030.53
285,2025-06-01,Despesa,Impostos,Campos Silveira S.A.,2611.79
1047,2025-06-15,Receita,Vendas,Sousa Gomes Ltda.,3872.5
1252,2025-05-21,Receita,Vendas,Barros,13309.11
721,2025-08-22,Despesa,Software,DA CRUZ ,18126.51
1027,2025-03-18,Despesa,Salários,Costela - EI,8697.61
549,2025-04-23,Despesa,Impostos,Vargas Carvalho Ltda.,10730.86
1054,2025-10-23,Receita,Serviços,Caldeira,9333.21
499,2025-02-14,Receita,Recebimento de clientes,Marques,4036.07
921,2025-12-09,Receita,Recebimento de clientes,Freitas,3276.73
1489,2025-08-31,Despesa,Fornecedores,Correia - ME,8836.6
1030,2025-06-01,Receita,Vendas,Nunes Gomes e Filhos,13161.5
1306,2025-10-09,Despesa,Aluguel,Silva da Mota S/A,5602.51
1057,2025-11-06,Despesa,Aluguel,Gomes,8260.73
422,2025-10-15,Receita,Recebimento de clientes,Sampaio,14180.76
157,2025-10-09,Receita,Vendas,da Luz S.A.,16286.17
565,2025-10-13,Despesa,Fornecedores,Sales,210.76
520,2025-12-03,Despesa,Fornecedores,Cassiano Ribeiro - ME,15175.19
871,2025-01-17,Despesa,Salários,Ramos,4424.84
1468,2025-12-13,Receita,Serviços,Cassiano,901.64
611,2025-07-24,Despesa,Aluguel,das Neves - EI,4969.16
587,2025-06-15,Receita,Recebimento de clientes,Fogaça - EI,511.89
260,2025-05-30,Despesa,Software,Pimenta,12302.63
298,2025-11-28,Despesa,Software,Cirino,5411.78
554,2025-09-18,Despesa,Impostos,Montenegro Novais e Filhos,7103.41
1035,2025-06-05,Receita,Vendas,Lopes S.A.,19343.9
692,2025-08-17,Despesa,Energia,Gomes,6396.55
1032,2025-07-10,Despesa,Marketing,Vieira Sales e Filhos,19953.32
1233,2025-08-09,Receita,Recebimento de clientes,da Cruz da Mota e Filhos,6318.19
843,2025-07-24,Despesa,Impostos,Novais,14636.91
292,2025-06-19,Receita,Recebimento de clientes,da Mota Aparecida S/A,15106.99
928,2025-02-26,Despesa,Aluguel,DA ROSA - ME ,2777.85
1074,2025-12-10,Despesa,Salários,Farias,14125.04
687,2025-02-08,Receita,Recebimento de clientes,Sá e Filhos,16600.44
449,2025-08-09,Receita,Vendas,Porto,3623.85
53,2025-10-02,Despesa,Aluguel,Lopes,6350.9
309,2025-01-09,Receita,Serviços,Pimenta e Filhos,7993.04
1340,2025-07-03,Receita,Recebimento de clientes,Farias S/A,5915.84
489,2025-06-11,Despesa,Fornecedores,Machado - EI,10809.45
592,2025-04-18,Receita,Serviços,Martins,2623.51
743,2025-12-09,Despesa,Impostos,Moura,19923.13
960,2025-03-20,Despesa,Impostos,Freitas,7026.17
639,2025-01-31,Despesa,Marketing,da Mata Machado - EI,14444.79
120,2025-11-13,Despesa,Salários,FREITAS DA PAZ S.A. ,9420.79
217,2025-01-02,Receita,Recebimento de clientes,Mendes,10034.66
1,2025-10-11,Despesa,Energia,Alves e Filhos,1834.44
654,2025-07-08,Receita,Recebimento de clientes,Cunha,5571.69
87,2025-03-08,Despesa,Impostos,Caldeira,13759.01
172,2025-12-09,Despesa,Aluguel,Novaes,17356.81
866,2025-10-11,Despesa,Software,Cavalcanti - ME,5842.47
28,2025-09-30,Receita,Vendas,Pereira e Filhos,1703.44
786,2025-07-22,Receita,Serviços,das Neves,1937.59
747,2025-06-13,Receita,Serviços,Machado - ME,9656.53
749,2025-12-02,Despesa,Aluguel,Vargas Cardoso - ME,17145.47
580,2025-01-29,Receita,Serviços,Rodrigues,18419.19
1277,2025-01-25,Receita,,da Conceição e Filhos,8782.45
553,2025-12-09,Receita,Recebimento de clientes,Garcia Nascimento e Filhos,19946.62
1439,2025-05-06,Despesa,Energia,Ribeiro,17914.12
936,2025-11-06,Receita,Recebimento de clientes,Brito - EI,7055.23
1156,2025-03-10,Receita,Vendas,Barros Nunes S/A,11507.44
627,2025-10-09,Despesa,Marketing,da Conceição,14513.36
566,2025-04-06,Despesa,Salários,Borges,12450.6
1150,2025-05-23,Despesa,Aluguel,Fogaça S/A,15879.05
10,2025-10-24,Despesa,Fornecedores,Abreu,3426.81
1103,2025-03-11,Despesa,Energia,Brito Ltda.,16140.88
914,2025-07-20,Despesa,Software,Souza S.A.,1799.19
809,2025-07-09,Despesa,Fornecedores,Cassiano,636.0
544,2025-10-10,Despesa,Energia,da Paz e Filhos,11859.37
1289,2025-10-06,Despesa,Impostos,Guerra S/A,17707.62
588,2025-09-09,Receita,Vendas,das Neves - ME,645.21
1079,2025-04-01,Despesa,Salários,Sousa,15768.3
389,2025-04-16,Receita,Serviços,Brito,14229.09
1377,2025-04-26,Despesa,Energia,Almeida Moura - ME,8873.71
251,2025-05-04,Despesa,Energia,Vieira - EI,14364.58
444,2025-03-22,Receita,Recebimento de clientes,Borges,16742.32
166,2025-05-27,Receita,Recebimento de clientes,Pinto,6202.49
506,2025-11-21,Despesa,Salários,Dias - ME,1552.42
265,2025-07-12,Despesa,Impostos,Sá Martins - EI,11368.19
52,2025-03-05,Receita,Vendas,Camargo,4251.6
108,2025-05-15,Receita,Serviços,Guerra Campos - EI,8835.1
1084,2025-10-15,Despesa,Impostos,Rodrigues Vargas - EI,14841.9
479,2025-05-30,Despesa,Marketing,Casa Grande,11199.69
1265,2025-08-07,Despesa,Impostos,Cavalcante,4059.78
500,2025-06-14,Despesa,Impostos,Brito,16033.97
1206,2025-10-22,Receita,Recebimento de clientes,Borges,4848.18
1388,2025-01-22,Receita,Vendas,Rezende,941.73
467,2025-07-16,Despesa,Aluguel,Brito,13627.87
970,2025-08-14,Receita,Vendas,Garcia,3100.1
712,2025-12-31,Despesa,Aluguel,Azevedo da Costa e Filhos,8382.87
1003,2025-01-13,Receita,Vendas,Nascimento,7377.55
750,2025-11-27,Despesa,Impostos,Campos - EI,15445.6
199,2025-12-24,Receita,Vendas,Novaes,17533.56
1081,2025-11-26,Receita,Serviços,Duarte Garcia Ltda.,11933.22
1304,2025-01-13,Receita,Recebimento de clientes,Moura da Costa - ME,2537.67
1356,2025-10-28,Receita,Serviços,MENDES ,9093.22
191,2025-01-02,Despesa,Software,Sá S/A,1599.87
1215,2025-09-08,Receita,Recebimento de clientes,Albuquerque,4827.81
1247,2025-04-10,Despesa,Salários,Pastor S/A,3492.53
1139,2025-11-18,Receita,Vendas,Rocha Santos Ltda.,7967.62
152,2025-03-24,Despesa,Software,GUERRA FARIAS LTDA. ,16234.28
188,2025-05-28,Receita,Vendas,Silva Sampaio - ME,13034.67
1098,2025-02-23,Despesa,Fornecedores,CAVALCANTE ,13169.92
730,2025-08-22,Despesa,Aluguel,Borges,19407.21
241,2025-03-18,Despesa,Energia,Nunes S.A.,19595.49
146,2025-07-21,Receita,Serviços,SOUSA FARIAS - ME ,12458.61
563,2025-06-03,Despesa,Impostos,Guerra S/A,5283.01
256,2025-03-10,Despesa,Fornecedores,Mendonça,3805.16
96,2025-10-02,Despesa,Energia,Guerra Araújo S.A.,10240.63
1396,2025-07-06,Receita,Recebimento de clientes,Pimenta,16723.65
1395,2025-07-05,Despesa,Energia,Cirino - EI,6723.89
413,2025-03-23,Receita,Vendas,Martins Ltda.,17221.13
1186,2025-07-28,Despesa,Marketing,BARBOSA ,3201.65
427,2025-06-25,Receita,Serviços,da Paz,12293.44
244,2025-07-09,Despesa,Aluguel,Cavalcante,6572.93
681,2025-09-16,Receita,Recebimento de clientes,Andrade,6266.32
1441,2025-04-30,Receita,Vendas,Cirino,12227.07
344,2025-08-14,Despesa,Energia,Castro Ltda.,3851.14
955,2025-08-05,Despesa,Impostos,da Rosa Santos S.A.,2807.7
1347,2025-01-19,Receita,Vendas,da Mota da Mota - ME,13834.2
1055,2025-01-03,Receita,Serviços,Borges Ltda.,16323.29
1398,2025-04-05,Despesa,Fornecedores,Casa Grande,9744.2
1152,2025-07-13,Despesa,Aluguel,GOMES NOVAIS - EI ,5876.58
707,2025-02-27,Despesa,Fornecedores,da Mota,3107.21
57,2025-10-20,Despesa,Fornecedores,Porto,13372.08
423,2025-08-08,Receita,Serviços,Almeida,19914.05
150,2025-02-09,Receita,Vendas,Marques Ferreira Ltda.,3967.43
534,2025-12-28,Despesa,Salários,CASTRO ,2725.68
184,2025-01-22,Receita,Vendas,Rocha das Neves S.A.,865.09
1025,2025-06-15,Despesa,Fornecedores,Nogueira,270.25
1412,2025-08-03,Despesa,Salários,Brito,18799.57
1151,2025-05-01,Receita,Recebimento de clientes,Carvalho,10051.75
1319,2025-11-07,Despesa,Impostos,MACHADO MARTINS LTDA. ,5633.49
1069,2025-09-27,Receita,Vendas,SILVEIRA PIRES - ME ,10880.35
947,2025-01-09,Despesa,Impostos,Pires Rocha - ME,8094.21
1338,2025-04-30,Despesa,Aluguel,Azevedo S.A.,8413.82
952,2025-03-22,Receita,Recebimento de clientes,Jesus,8970.67
824,2025-03-07,Despesa,Fornecedores,Andrade Oliveira e Filhos,7379.26
110,2025-03-28,Despesa,Energia,Leão e Filhos,1766.63
1083,2025-10-08,Despesa,Marketing,Nunes S.A.,13693.45
394,2025-03-10,Despesa,Impostos,Rezende,7752.51
819,2025-08-17,Despesa,Marketing,Peixoto - ME,11142.18
457,2025-10-01,Despesa,Aluguel,Aparecida Andrade Ltda.,3922.71
361,2025-12-26,Despesa,Energia,Pires - EI,6534.2
710,2025-11-07,Despesa,Impostos,Alves Casa Grande - EI,16516.38
440,2025-10-30,Despesa,Aluguel,Camargo,9940.91
175,2025-12-30,Receita,Recebimento de clientes,Pimenta Nunes Ltda.,4265.96
1147,2025-05-31,Despesa,Software,Novais Cavalcante - ME,4534.44
